[8772 #1]    0.0s session 01M43MMEZ1XPTMYDW6RQRDGQ2A browser wp6_viewport-M5wOn5rphr
[8772 #1]    0.2s liveview opened
[8772 #1] viewer_requested {'ua': 'Mozilla/5.0 (iPhone; CPU iPhone OS 18_7 like Mac OS X) AppleWebKit/605.1.15 (KHTML, like Gecko) Version/26.5 Mobile/15E1'}
[8772 #1] viewer_page_loaded {'sincePageStartMs': 56, 'userAgent': 'Mozilla/5.0 (iPhone; CPU iPhone OS 18_7 like Mac OS X) AppleWebKit/605.1.15 (KHTML, like Gecko) Version/26.5 Mobile/15E148 Safari/604.1', 'secureContext': True}
[8772 #1] viewer_authenticated {'sincePageStartMs': 1346}
[8772 #1]    1.8s cdp connected
[8772 #1]    1.8s goto https://zh.wikipedia.org/
[8772 #1] viewer_connected {'sincePageStartMs': 2109}
[8772 #1]    3.9s loaded
[8772 #1]    3.9s evaluate scroll #1
[8772 #1]    4.6s wait #1
[8772 #1]    5.1s evaluate scroll #2
[8772 #1]    5.2s wait #2
[8772 #1] viewer_first_frame {'sincePageStartMs': 5317}
[8772 #1]    5.7s evaluate scroll #3
[8772 #1]    5.8s wait #3
[8772 #1]    6.3s evaluate scroll #4
[8772 #1]    8.8s wait #4
[8772 #1]    9.3s evaluate scroll #5
[8772 #1]    9.4s wait #5
[8772 #1]    9.9s evaluate scroll #6
[8772 #1]   10.0s wait #6
[8772 #1]   10.5s evaluate scroll #7
[8772 #1]   10.6s wait #7
[8772 #1]   11.1s evaluate scroll #8
[8772 #1]   11.3s wait #8
[8772 #1]   11.8s evaluate scroll #9
[8772 #1]   11.9s wait #9
[8772 #1]   12.4s evaluate scroll #10
[8772 #1]   12.4s wait #10
[8772 #1]   12.9s evaluate scroll #11
[8772 #1]   13.0s wait #11
[8772 #1]   13.5s evaluate scroll #12
[8772 #1]   13.6s wait #12
[8772 #1]   14.1s evaluate scroll #13
[8772 #1]   14.2s wait #13
[8772 #1]   14.7s evaluate scroll #14
[8772 #1]   14.8s wait #14
[8772 #1]   15.3s evaluate scroll #15
[8772 #1]   15.5s wait #15
[8772 #1]   16.0s evaluate scroll #16
[8772 #1]   16.1s wait #16
[8772 #1]   16.6s evaluate scroll #17
[8772 #1]   16.6s wait #17
[8772 #1]   17.1s evaluate scroll #18
[8772 #1]   17.2s wait #18
[8772 #1]   17.7s evaluate scroll #19
[8772 #1]   17.8s wait #19
[8772 #1]   18.3s evaluate scroll #20
[8772 #1]   18.4s wait #20
[8772 #1]   18.9s goto https://zh.wikipedia.org/wiki/%E5%8F%B0%E5%8C%97101
[8772 #1]   20.3s loaded
[8772 #1]   20.3s evaluate scroll #21
[8772 #1]   20.7s wait #21
[8772 #1]   21.2s evaluate scroll #22
[8772 #1]   21.7s wait #22
[8772 #1]   22.2s evaluate scroll #23
[8772 #1]   22.4s wait #23
[8772 #1]   22.9s evaluate scroll #24
[8772 #1]   23.1s wait #24
[8772 #1]   23.6s evaluate scroll #25
[8772 #1]   23.8s wait #25
[8772 #1]   24.3s evaluate scroll #26
[8772 #1]   24.4s wait #26
[8772 #1]   24.9s evaluate scroll #27
[8772 #1]   25.1s wait #27
[8772 #1]   25.6s evaluate scroll #28
[8772 #1]   25.8s wait #28
[8772 #1]   26.3s evaluate scroll #29
[8772 #1]   26.4s wait #29
[8772 #1]   26.9s evaluate scroll #30
[8772 #1]   27.0s wait #30
[8772 #1]   27.5s evaluate scroll #31
[8772 #1]   27.6s wait #31
[8772 #1]   28.1s evaluate scroll #32
[8772 #1]   28.2s wait #32
[8772 #1]   28.7s evaluate scroll #33
[8772 #1]   28.8s wait #33
[8772 #1]   29.3s evaluate scroll #34
[8772 #1]   29.4s wait #34
[8772 #1]   29.9s evaluate scroll #35
[8772 #1]   30.0s wait #35
[8772 #1]   30.5s evaluate scroll #36
[8772 #1]   30.6s wait #36
[8772 #1]   31.1s evaluate scroll #37
[8772 #1]   31.2s wait #37
[8772 #1]   31.7s evaluate scroll #38
[8772 #1]   32.0s wait #38
[8772 #1]   32.5s evaluate scroll #39
[8772 #1]   32.6s wait #39
[8772 #1]   33.1s evaluate scroll #40
[8772 #1]   33.1s wait #40
[8772 #1]   33.6s goto https://github.com/explore
[8772 #1]   38.7s loaded
[8772 #1]   38.7s evaluate scroll #41
[8772 #1]   39.7s wait #41
[8772 #1]   40.2s evaluate scroll #42
[8772 #1]   40.3s wait #42
[8772 #1]   40.8s evaluate scroll #43
[8772 #1]   40.9s wait #43
[8772 #1]   41.4s evaluate scroll #44
[8772 #1]   41.5s wait #44
[8772 #1]   42.0s evaluate scroll #45
[8772 #1]   42.1s wait #45
[8772 #1]   42.6s evaluate scroll #46
[8772 #1]   42.7s wait #46
[8772 #1]   43.2s evaluate scroll #47
[8772 #1]   43.4s wait #47
[8772 #1]   43.9s evaluate scroll #48
[8772 #1]   44.0s wait #48
[8772 #1]   44.5s evaluate scroll #49
[[8771 #1]    0.0s session 01M43MMF0A4WY24M4FA3D2CQX1 browser wp6_viewport-M5wOn5rphr
[8771 #1]    0.1s liveview opened
[8771 #1] viewer_requested {'ua': 'Mozilla/5.0 (iPhone; CPU iPhone OS 18_7 like Mac OS X) AppleWebKit/605.1.15 (KHTML, like Gecko) Version/26.5 Mobile/15E1'}
[8771 #1] viewer_page_loaded {'sincePageStartMs': 63, 'userAgent': 'Mozilla/5.0 (iPhone; CPU iPhone OS 18_7 like Mac OS X) AppleWebKit/605.1.15 (KHTML, like Gecko) Version/26.5 Mobile/15E148 Safari/604.1', 'secureContext': True}
[8771 #1] viewer_authenticated {'sincePageStartMs': 1272}
[8771 #1]    1.6s cdp connected
[8771 #1]    1.6s goto https://zh.wikipedia.org/
[8771 #1] viewer_connected {'sincePageStartMs': 2247}
[8771 #1]    3.9s loaded
[8771 #1]    3.9s evaluate scroll #1
[8771 #1]    4.5s wait #1
[8771 #1] viewer_first_frame {'sincePageStartMs': 4695}
[8771 #1]    5.0s evaluate scroll #2
[8771 #1]    5.2s wait #2
[8771 #1]    5.7s evaluate scroll #3
[8771 #1]    5.8s wait #3
[8771 #1]    6.3s evaluate scroll #4
[8771 #1]    9.6s wait #4
[8771 #1]   10.1s evaluate scroll #5
[8771 #1]   10.2s wait #5
[8771 #1]   10.7s evaluate scroll #6
[8771 #1]   10.8s wait #6
[8771 #1]   11.3s evaluate scroll #7
[8771 #1]   11.4s wait #7
[8771 #1]   11.9s evaluate scroll #8
[8771 #1]   12.0s wait #8
[8771 #1]   12.5s evaluate scroll #9
[8771 #1]   12.6s wait #9
[8771 #1]   13.1s evaluate scroll #10
[8771 #1]   13.2s wait #10
[8771 #1]   13.7s evaluate scroll #11
[8771 #1]   13.8s wait #11
[8771 #1]   14.3s evaluate scroll #12
[8771 #1]   14.4s wait #12
[8771 #1]   14.9s evaluate scroll #13
[8771 #1]   15.0s wait #13
[8771 #1]   15.5s evaluate scroll #14
[8771 #1]   15.6s wait #14
[8771 #1]   16.1s evaluate scroll #15
[8771 #1]   16.3s wait #15
[8771 #1]   16.8s evaluate scroll #16
[8771 #1]   16.9s wait #16
[8771 #1]   17.4s evaluate scroll #17
[8771 #1]   17.4s wait #17
[8771 #1]   17.9s evaluate scroll #18
[8771 #1]   18.0s wait #18
[8771 #1]   18.5s evaluate scroll #19
[8771 #1]   18.6s wait #19
[8771 #1]   19.1s evaluate scroll #20
[8771 #1]   19.2s wait #20
[8771 #1]   19.7s goto https://zh.wikipedia.org/wiki/%E5%8F%B0%E5%8C%97101
[8771 #1]   21.5s loaded
[8771 #1]   21.5s evaluate scroll #21
[8771 #1]   22.4s wait #21
[8771 #1]   22.9s evaluate scroll #22
[8771 #1]   23.1s wait #22
[8771 #1]   23.6s evaluate scroll #23
[8771 #1]   23.7s wait #23
[8771 #1]   24.2s evaluate scroll #24
[8771 #1]   24.3s wait #24
[8771 #1]   24.9s evaluate scroll #25
[8771 #1]   25.0s wait #25
[8771 #1]   25.5s evaluate scroll #26
[8771 #1]   25.7s wait #26
[8771 #1]   26.2s evaluate scroll #27
[8771 #1]   26.3s wait #27
[8771 #1]   26.8s evaluate scroll #28
[8771 #1]   26.9s wait #28
[8771 #1]   27.4s evaluate scroll #29
[8771 #1]   27.5s wait #29
[8771 #1]   28.0s evaluate scroll #30
[8771 #1]   28.1s wait #30
[8771 #1]   28.6s evaluate scroll #31
[8771 #1]   28.6s wait #31
[8771 #1]   29.2s evaluate scroll #32
[8771 #1]   29.2s wait #32
[8771 #1]   29.7s evaluate scroll #33
[8771 #1]   29.8s wait #33
[8771 #1]   30.3s evaluate scroll #34
[8771 #1]   30.4s wait #34
[8771 #1]   30.9s evaluate scroll #35
[8771 #1]   31.0s wait #35
[8771 #1]   31.5s evaluate scroll #36
[8771 #1]   31.8s wait #36
[8771 #1]   32.3s evaluate scroll #37
[8771 #1]   32.4s wait #37
[8771 #1]   32.9s evaluate scroll #38
[8771 #1]   33.0s wait #38
[8771 #1]   33.5s evaluate scroll #39
[8771 #1]   33.8s wait #39
[8771 #1]   34.3s evaluate scroll #40
[8771 #1]   34.6s wait #40
[8771 #1]   35.1s goto https://github.com/explore
[8771 #1]   39.9s loaded
[8771 #1]   39.9s evaluate scroll #41
[8771 #1]   40.7s wait #41
[8771 #1]   41.2s evaluate scroll #42
[8771 #1]   41.3s wait #42
[8771 #1]   41.8s evaluate scroll #43
[8771 #1]   41.9s wait #43
[8771 #1]   42.4s evaluate scroll #44
[8771 #1]   42.5s wait #44
[8771 #1]   43.0s evaluate scroll #45
[8771 #1]   43.1s wait #45
[8771 #1]   43.6s evaluate scroll #46
[8771 #1]   43.7s wait #46
[8771 #1]   44.2s evaluate scroll #47
[8771 #1]   44.3s wait #47
[8771 #1]   44.8s evaluate scroll #48
[8771 #1]   44.9s wait #48
[8771 #1]   45.4s evaluate scroll #49
[[8774 #1]    0.0s session 01M43MMEYWQV8A316SS502VCZ2 browser wp6_viewport-M5wOn5rphr
[8774 #1]    1.5s cdp connected
[8774 #1]    1.5s goto https://zh.wikipedia.org/
[8774 #1]    4.1s loaded
[8774 #1]    4.1s evaluate scroll #1
[8774 #1]    4.6s wait #1
[8774 #1]    5.1s evaluate scroll #2
[8774 #1]    5.3s wait #2
[8774 #1]    5.8s evaluate scroll #3
[8774 #1]    6.0s wait #3
[8774 #1]    6.5s evaluate scroll #4
[8774 #1]    6.6s wait #4
[8774 #1]    7.1s evaluate scroll #5
[8774 #1]    9.5s wait #5
[8774 #1]   10.0s evaluate scroll #6
[8774 #1]   10.1s wait #6
[8774 #1]   10.6s evaluate scroll #7
[8774 #1]   10.7s wait #7
[8774 #1]   11.2s evaluate scroll #8
[8774 #1]   11.3s wait #8
[8774 #1]   11.8s evaluate scroll #9
[8774 #1]   11.8s wait #9
[8774 #1]   12.3s evaluate scroll #10
[8774 #1]   12.4s wait #10
[8774 #1]   12.9s evaluate scroll #11
[8774 #1]   13.0s wait #11
[8774 #1]   13.5s evaluate scroll #12
[8774 #1]   13.6s wait #12
[8774 #1]   14.1s evaluate scroll #13
[8774 #1]   14.3s wait #13
[8774 #1]   14.8s evaluate scroll #14
[8774 #1]   14.9s wait #14
[8774 #1]   15.4s evaluate scroll #15
[8774 #1]   15.5s wait #15
[8774 #1]   16.0s evaluate scroll #16
[8774 #1]   16.0s wait #16
[8774 #1]   16.5s evaluate scroll #17
[8774 #1]   16.6s wait #17
[8774 #1]   17.1s evaluate scroll #18
[8774 #1]   17.2s wait #18
[8774 #1]   17.7s evaluate scroll #19
[8774 #1]   17.8s wait #19
[8774 #1]   18.3s evaluate scroll #20
[8774 #1]   18.3s wait #20
[8774 #1]   18.9s goto https://zh.wikipedia.org/wiki/%E5%8F%B0%E5%8C%97101
[8774 #1]   20.3s loaded
[8774 #1]   20.3s evaluate scroll #21
[8774 #1]   21.0s wait #21
[8774 #1]   21.5s evaluate scroll #22
[8774 #1]   21.7s wait #22
[8774 #1]   22.2s evaluate scroll #23
[8774 #1]   22.3s wait #23
[8774 #1]   22.8s evaluate scroll #24
[8774 #1]   23.0s wait #24
[8774 #1]   23.5s evaluate scroll #25
[8774 #1]   23.7s wait #25
[8774 #1]   24.2s evaluate scroll #26
[8774 #1]   24.4s wait #26
[8774 #1]   24.9s evaluate scroll #27
[8774 #1]   25.0s wait #27
[8774 #1]   25.6s evaluate scroll #28
[8774 #1]   25.8s wait #28
[8774 #1]   26.3s evaluate scroll #29
[8774 #1]   26.4s wait #29
[8774 #1]   26.9s evaluate scroll #30
[8774 #1]   27.0s wait #30
[8774 #1]   27.5s evaluate scroll #31
[8774 #1]   27.6s wait #31
[8774 #1]   28.1s evaluate scroll #32
[8774 #1]   28.2s wait #32
[8774 #1]   28.7s evaluate scroll #33
[8774 #1]   28.8s wait #33
[8774 #1]   29.3s evaluate scroll #34
[8774 #1]   29.4s wait #34
[8774 #1]   29.9s evaluate scroll #35
[8774 #1]   30.0s wait #35
[8774 #1]   30.6s evaluate scroll #36
[8774 #1]   30.8s wait #36
[8774 #1]   31.3s evaluate scroll #37
[8774 #1]   31.4s wait #37
[8774 #1]   31.9s evaluate scroll #38
[8774 #1]   32.0s wait #38
[8774 #1]   32.5s evaluate scroll #39
[8774 #1]   32.8s wait #39
[8774 #1]   33.3s evaluate scroll #40
[8774 #1]   33.5s wait #40
[8774 #1]   34.0s goto https://github.com/explore
[8774 #1]   39.1s loaded
[8774 #1]   39.1s evaluate scroll #41
[8774 #1]   40.0s wait #41
[8774 #1]   40.5s evaluate scroll #42
[8774 #1]   40.6s wait #42
[8774 #1]   41.1s evaluate scroll #43
[8774 #1]   41.1s wait #43
[8774 #1]   41.6s evaluate scroll #44
[8774 #1]   41.8s wait #44
[8774 #1]   42.3s evaluate scroll #45
[8774 #1]   42.4s wait #45
[8774 #1]   42.9s evaluate scroll #46
[8774 #1]   43.0s wait #46
[8774 #1]   43.5s evaluate scroll #47
[8774 #1]   43.6s wait #47
[8774 #1]   44.1s evaluate scroll #48
[8774 #1]   44.2s wait #48
[8774 #1]   44.7s evaluate scroll #49
[8774 #1]   44.8s wait #49
[8774 #1]   45.3s evaluate scroll #50
[8774 #1]   45.3s wait #50
[8774 #1]   45.9s evaluate scroll #51
[8774 #1]   45.9s wait #51
[8774 #1]   46.4s evaluate scroll #52
[8774 #1]   46.5s wait #52
[8774 #1]   47.0s evaluate scroll #53
[8774 #1]   47.1s wait #53
[8774 #1]   47.6s evaluate scroll #54
[8774 #1]   48.0s wait #54
[8774 #1]   48.5s evaluate scroll #55
[8774 #1]   48.5s wait #55
[8774 #1]   49.0s evaluate scroll #56
[8774 #1]   49.2s wait #56
[8774 #1]   49.7s evaluate scroll #57
[8774 #1]   49.9s wait #57
[8774 #1]   50.4s evaluate scroll #58
[8774[8773 #1]    0.0s session 01M43MMEY1Y326VR6ZZ23SNHDW browser wp6_viewport-M5wOn5rphr
[8773 #1]    1.5s cdp connected
[8773 #1]    1.5s goto https://zh.wikipedia.org/
[8773 #1]    3.9s loaded
[8773 #1]    3.9s evaluate scroll #1
[8773 #1]    4.9s wait #1
[8773 #1]    5.4s evaluate scroll #2
[8773 #1]    5.5s wait #2
[8773 #1]    6.0s evaluate scroll #3
[8773 #1]   12.1s wait #3
[8773 #1]   12.6s evaluate scroll #4
[8773 #1]   12.8s wait #4
[8773 #1]   13.3s evaluate scroll #5
[8773 #1]   13.5s wait #5
[8773 #1]   14.0s evaluate scroll #6
[8773 #1]   14.1s wait #6
[8773 #1]   14.6s evaluate scroll #7
[8773 #1]   14.6s wait #7
[8773 #1]   15.1s evaluate scroll #8
[8773 #1]   15.2s wait #8
[8773 #1]   15.7s evaluate scroll #9
[8773 #1]   15.8s wait #9
[8773 #1]   16.3s evaluate scroll #10
[8773 #1]   16.4s wait #10
[8773 #1]   16.9s evaluate scroll #11
[8773 #1]   17.0s wait #11
[8773 #1]   17.5s evaluate scroll #12
[8773 #1]   17.6s wait #12
[8773 #1]   18.1s evaluate scroll #13
[8773 #1]   18.2s wait #13
[8773 #1]   18.7s evaluate scroll #14
[8773 #1]   18.8s wait #14
[8773 #1]   19.3s evaluate scroll #15
[8773 #1]   19.4s wait #15
[8773 #1]   19.9s evaluate scroll #16
[8773 #1]   19.9s wait #16
[8773 #1]   20.4s evaluate scroll #17
[8773 #1]   20.7s wait #17
[8773 #1]   21.2s evaluate scroll #18
[8773 #1]   21.4s wait #18
[8773 #1]   21.9s evaluate scroll #19
[8773 #1]   22.1s wait #19
[8773 #1]   22.6s evaluate scroll #20
[8773 #1]   22.8s wait #20
[8773 #1]   23.3s goto https://zh.wikipedia.org/wiki/%E5%8F%B0%E5%8C%97101
[8773 #1]   26.0s loaded
[8773 #1]   26.0s evaluate scroll #21
[8773 #1]   26.2s wait #21
[8773 #1]   26.7s evaluate scroll #22
[8773 #1]   27.0s wait #22
[8773 #1]   27.5s evaluate scroll #23
[8773 #1]   27.6s wait #23
[8773 #1]   28.1s evaluate scroll #24
[8773 #1]   28.2s wait #24
[8773 #1]   28.7s evaluate scroll #25
[8773 #1]   28.8s wait #25
[8773 #1]   29.3s evaluate scroll #26
[8773 #1]   29.4s wait #26
[8773 #1]   29.9s evaluate scroll #27
[8773 #1]   30.0s wait #27
[8773 #1]   30.5s evaluate scroll #28
[8773 #1]   30.7s wait #28
[8773 #1]   31.2s evaluate scroll #29
[8773 #1]   31.5s wait #29
[8773 #1]   32.0s evaluate scroll #30
[8773 #1]   32.4s wait #30
[8773 #1]   32.9s evaluate scroll #31
[8773 #1]   33.2s wait #31
[8773 #1]   33.7s evaluate scroll #32
[8773 #1]   33.9s wait #32
[8773 #1]   34.4s evaluate scroll #33
[8773 #1]   34.5s wait #33
[8773 #1]   35.0s evaluate scroll #34
[8773 #1]   35.4s wait #34
[8773 #1]   35.9s evaluate scroll #35
[8773 #1]   36.0s wait #35
[8773 #1]   36.5s evaluate scroll #36
[8773 #1]   36.6s wait #36
[8773 #1]   37.1s evaluate scroll #37
[8773 #1]   37.2s wait #37
[8773 #1]   37.7s evaluate scroll #38
[8773 #1]   37.9s wait #38
[8773 #1]   38.4s evaluate scroll #39
[8773 #1]   38.6s wait #39
[8773 #1]   39.1s evaluate scroll #40
[8773 #1]   39.2s wait #40
[8773 #1]   39.7s goto https://github.com/explore
[8773 #1]   44.8s loaded
[8773 #1]   44.8s evaluate scroll #41
[8773 #1]   45.6s wait #41
[8773 #1]   46.1s evaluate scroll #42
[8773 #1]   46.1s wait #42
[8773 #1]   46.7s evaluate scroll #43
[8773 #1]   46.7s wait #43
[8773 #1]   47.2s evaluate scroll #44
[8773 #1]   47.4s wait #44
[8773 #1]   47.9s evaluate scroll #45
[8773 #1]   48.1s wait #45
[8773 #1]   48.6s evaluate scroll #46
[8773 #1]   48.6s wait #46
[8773 #1]   49.1s evaluate scroll #47
[8773 #1]   49.3s wait #47
[8773 #1]   49.8s evaluate scroll #48
[8773 #1]   49.9s wait #48
[8773 #1]   50.4s evaluate scroll #49
[8773 #1]   50.5s wait #49
[8773 #1]   51.0s evaluate scroll #50
[8773 #1]   51.1s wait #50
[8773 #1]   51.6s evaluate scroll #51
[8773 #1]   51.7s wait #51
[8773 #1]   52.2s evaluate scroll #52
[8773 #1]   52.3s wait #52
[8773 #1]   52.8s evaluate scroll #53
[8773 #1]   52.9s wait #53
[8773 #1]   53.4s evaluate scroll #54
[8773 #1]   53.5s wait #54
[8773 #1]   54.0s evaluate scroll #55
[8773 #1]   54.1s wait #55
[8773 #1]   54.6s evaluate scroll #56
[8773 #1]   54.7s wait #56
[8773 #1]   55.2s evaluate scroll #57
[8773 #1]   55.3s wait #57
[8773 #1]   55.8s evaluate scroll #58
[87738772 #1]   44.6s wait #49
[8772 #1]   45.1s evaluate scroll #50
[8772 #1]   45.2s wait #50
[8772 #1]   45.7s evaluate scroll #51
[8772 #1]   45.8s wait #51
[8772 #1]   46.3s evaluate scroll #52
[8772 #1]   46.5s wait #52
[8772 #1]   47.0s evaluate scroll #53
[8772 #1]   47.0s wait #53
[8772 #1]   47.5s evaluate scroll #54
[8772 #1]   47.7s wait #54
[8772 #1]   48.2s evaluate scroll #55
[8772 #1]   48.3s wait #55
[8772 #1]   48.8s evaluate scroll #56
[8772 #1]   49.1s wait #56
[8772 #1]   49.6s evaluate scroll #57
[8772 #1]   49.7s wait #57
[8772 #1]   50.2s evaluate scroll #58
[8772 #1]   50.4s wait #58
[8772 #1]   50.9s evaluate scroll #59
[8772 #1]   51.1s wait #59
[8772 #1]   51.6s evaluate scroll #60
[8772 #1]   51.6s wait #60
[8772 #1]   52.2s goto https://www.bbc.com/news
[8772 #1]   54.6s loaded
[8772 #1]   54.6s evaluate scroll #61
[8772 #1]   55.0s wait #61
[8772 #1]   55.5s evaluate scroll #62
[8772 #1]   55.7s wait #62
[8772 #1]   56.2s evaluate scroll #63
[8772 #1]   56.5s wait #63
[8772 #1]   57.0s evaluate scroll #64
[8772 #1]   57.4s wait #64
[8772 #1]   57.9s evaluate scroll #65
[8772 #1]   58.4s wait #65
[8772 #1]   58.9s evaluate scroll #66
[8772 #1]   59.1s wait #66
[8772 #1]   59.6s evaluate scroll #67
[8772 #1]   59.8s wait #67
[8772 #1]   60.3s evaluate scroll #68
[8772 #1]   60.7s wait #68
[8772 #1]   61.2s evaluate scroll #69
[8772 #1]   61.6s wait #69
[8772 #1]   62.1s evaluate scroll #70
[8772 #1]   62.2s wait #70
[8772 #1]   62.7s evaluate scroll #71
[8772 #1]   63.2s wait #71
[8772 #1]   63.7s evaluate scroll #72
[8772 #1]   64.2s wait #72
[8772 #1]   64.7s evaluate scroll #73
[8772 #1]   64.9s wait #73
[8772 #1]   65.4s evaluate scroll #74
[8772 #1]   65.5s wait #74
[8772 #1]   66.0s evaluate scroll #75
[8772 #1]   66.1s wait #75
[8772 #1]   66.6s evaluate scroll #76
[8772 #1]   67.2s wait #76
[8772 #1]   67.7s evaluate scroll #77
[8772 #1]   68.0s wait #77
[8772 #1]   68.5s evaluate scroll #78
[8772 #1]   68.6s wait #78
[8772 #1]   69.1s evaluate scroll #79
[8772 #1]   69.2s wait #79
[8772 #1]   69.7s evaluate scroll #80
[8772 #1]   69.8s wait #80
[8772 #1]   70.3s goto https://zh.wikipedia.org/
[8772 #1]   72.0s loaded
[8772 #1]   72.0s evaluate scroll #81
[8772 #1]   72.4s wait #81
[8772 #1]   72.9s evaluate scroll #82
[8772 #1]   73.1s wait #82
[8772 #1]   73.6s evaluate scroll #83
[8772 #1]   73.7s wait #83
[8772 #1]   74.2s evaluate scroll #84
[8772 #1]   74.3s wait #84
[8772 #1]   74.8s evaluate scroll #85
[8772 #1]   74.9s wait #85
[8772 #1]   75.4s evaluate scroll #86
[8772 #1]   75.6s wait #86
[8772 #1]   76.1s evaluate scroll #87
[8772 #1]   76.1s wait #87
[8772 #1]   76.6s evaluate scroll #88
[8772 #1]   76.8s wait #88
[8772 #1]   77.3s evaluate scroll #89
[8772 #1]   77.4s wait #89
[8772 #1]   77.9s evaluate scroll #90
[8772 #1]   77.9s wait #90
[8772 #1]   78.4s evaluate scroll #91
[8772 #1]   78.5s wait #91
[8772 #1]   79.0s evaluate scroll #92
[8772 #1]   79.1s wait #92
[8772 #1]   79.6s evaluate scroll #93
[8772 #1]   79.7s wait #93
[8772 #1]   80.2s evaluate scroll #94
[8772 #1]   80.3s wait #94
[8772 #1]   80.8s evaluate scroll #95
[8772 #1]   80.9s wait #95
[8772 #1]   81.4s evaluate scroll #96
[8772 #1]   81.5s wait #96
[8772 #1]   82.0s evaluate scroll #97
[8772 #1]   82.1s wait #97
[8772 #1]   82.6s evaluate scroll #98
[8772 #1]   82.6s wait #98
[8772 #1]   83.1s evaluate scroll #99
[8772 #1]   83.2s wait #99
[8772 #1]   83.7s evaluate scroll #100
[8772 #1]   83.8s wait #100
[8772 #1]   84.3s goto https://zh.wikipedia.org/wiki/%E5%8F%B0%E5%8C%97101
[8772 #1]   85.7s loaded
[8772 #1]   85.7s evaluate scroll #101
[8772 #1]   86.2s wait #101
[8772 #1]   86.7s evaluate scroll #102
[8772 #1]   86.8s wait #102
[8772 #1]   87.3s evaluate scroll #103
[8772 #1]   87.5s wait #103
[8772 #1]   88.0s evaluate scroll #104
[8772 #1]   88.1s wait #104
[8772 #1]   88.6s evaluate scroll #105
[8772 #1]   88.7s wait #105
[8772 #1]   89.2s evaluate scroll #106
[8772 #1]   89.3s wait #106
[8772 #1]   89.8s evaluate scroll #107
[8772 #1]   89.9s wait #107
[8772 #1]   90.4s evaluate scroll #108771 #1]   45.6s wait #49
[8771 #1]   46.1s evaluate scroll #50
[8771 #1]   46.2s wait #50
[8771 #1]   46.7s evaluate scroll #51
[8771 #1]   46.8s wait #51
[8771 #1]   47.3s evaluate scroll #52
[8771 #1]   47.3s wait #52
[8771 #1]   47.8s evaluate scroll #53
[8771 #1]   47.9s wait #53
[8771 #1]   48.4s evaluate scroll #54
[8771 #1]   48.5s wait #54
[8771 #1]   49.0s evaluate scroll #55
[8771 #1]   49.1s wait #55
[8771 #1]   49.6s evaluate scroll #56
[8771 #1]   49.8s wait #56
[8771 #1]   50.3s evaluate scroll #57
[8771 #1]   50.4s wait #57
[8771 #1]   50.9s evaluate scroll #58
[8771 #1]   50.9s wait #58
[8771 #1]   51.4s evaluate scroll #59
[8771 #1]   51.5s wait #59
[8771 #1]   52.0s evaluate scroll #60
[8771 #1]   52.1s wait #60
[8771 #1]   52.6s goto https://www.bbc.com/news
[8771 #1]   55.4s loaded
[8771 #1]   55.4s evaluate scroll #61
[8771 #1]   55.8s wait #61
[8771 #1]   56.3s evaluate scroll #62
[8771 #1]   56.7s wait #62
[8771 #1]   57.2s evaluate scroll #63
[8771 #1]   57.6s wait #63
[8771 #1]   58.1s evaluate scroll #64
[8771 #1]   58.6s wait #64
[8771 #1]   59.1s evaluate scroll #65
[8771 #1]   59.6s wait #65
[8771 #1]   60.1s evaluate scroll #66
[8771 #1]   60.3s wait #66
[8771 #1]   60.8s evaluate scroll #67
[8771 #1]   60.9s wait #67
[8771 #1]   61.4s evaluate scroll #68
[8771 #1]   61.8s wait #68
[8771 #1]   62.3s evaluate scroll #69
[8771 #1]   62.6s wait #69
[8771 #1]   63.1s evaluate scroll #70
[8771 #1]   63.3s wait #70
[8771 #1]   63.8s evaluate scroll #71
[8771 #1]   63.9s wait #71
[8771 #1]   64.4s evaluate scroll #72
[8771 #1]   65.0s wait #72
[8771 #1]   65.5s evaluate scroll #73
[8771 #1]   65.7s wait #73
[8771 #1]   66.2s evaluate scroll #74
[8771 #1]   66.3s wait #74
[8771 #1]   66.8s evaluate scroll #75
[8771 #1]   66.9s wait #75
[8771 #1]   67.4s evaluate scroll #76
[8771 #1]   67.7s wait #76
[8771 #1]   68.2s evaluate scroll #77
[8771 #1]   68.3s wait #77
[8771 #1]   68.8s evaluate scroll #78
[8771 #1]   68.9s wait #78
[8771 #1]   69.4s evaluate scroll #79
[8771 #1]   69.5s wait #79
[8771 #1]   70.0s evaluate scroll #80
[8771 #1]   70.1s wait #80
[8771 #1]   70.6s goto https://zh.wikipedia.org/
[8771 #1]   72.6s loaded
[8771 #1]   72.6s evaluate scroll #81
[8771 #1]   72.8s wait #81
[8771 #1]   73.3s evaluate scroll #82
[8771 #1]   73.5s wait #82
[8771 #1]   74.0s evaluate scroll #83
[8771 #1]   74.1s wait #83
[8771 #1]   74.6s evaluate scroll #84
[8771 #1]   74.7s wait #84
[8771 #1]   75.2s evaluate scroll #85
[8771 #1]   75.3s wait #85
[8771 #1]   75.8s evaluate scroll #86
[8771 #1]   75.9s wait #86
[8771 #1]   76.4s evaluate scroll #87
[8771 #1]   76.5s wait #87
[8771 #1]   77.0s evaluate scroll #88
[8771 #1]   77.1s wait #88
[8771 #1]   77.6s evaluate scroll #89
[8771 #1]   77.7s wait #89
[8771 #1]   78.2s evaluate scroll #90
[8771 #1]   78.3s wait #90
[8771 #1]   78.8s evaluate scroll #91
[8771 #1]   78.9s wait #91
[8771 #1]   79.4s evaluate scroll #92
[8771 #1]   79.5s wait #92
[8771 #1]   80.0s evaluate scroll #93
[8771 #1]   80.0s wait #93
[8771 #1]   80.6s evaluate scroll #94
[8771 #1]   80.6s wait #94
[8771 #1]   81.1s evaluate scroll #95
[8771 #1]   81.2s wait #95
[8771 #1]   81.7s evaluate scroll #96
[8771 #1]   81.8s wait #96
[8771 #1]   82.3s evaluate scroll #97
[8771 #1]   82.4s wait #97
[8771 #1]   82.9s evaluate scroll #98
[8771 #1]   83.0s wait #98
[8771 #1]   83.5s evaluate scroll #99
[8771 #1]   83.6s wait #99
[8771 #1]   84.1s evaluate scroll #100
[8771 #1]   84.2s wait #100
[8771 #1]   84.7s goto https://zh.wikipedia.org/wiki/%E5%8F%B0%E5%8C%97101
[8771 #1]   86.1s loaded
[8771 #1]   86.1s evaluate scroll #101
[8771 #1]   86.6s wait #101
[8771 #1]   87.1s evaluate scroll #102
[8771 #1]   87.3s wait #102
[8771 #1]   87.8s evaluate scroll #103
[8771 #1]   87.9s wait #103
[8771 #1]   88.4s evaluate scroll #104
[8771 #1]   88.5s wait #104
[8771 #1]   89.0s evaluate scroll #105
[8771 #1]   89.1s wait #105
[8771 #1]   89.6s evaluate scroll #106
[8771 #1]   89.7s wait #106
[8771 #1]   90.2s evaluate scroll #107
[8771 #1]   90.3s wait #107
[8771 #1]   90.8s evaluate scroll #10 #1]   50.5s wait #58
[8774 #1]   51.0s evaluate scroll #59
[8774 #1]   51.1s wait #59
[8774 #1]   51.6s evaluate scroll #60
[8774 #1]   51.7s wait #60
[8774 #1]   52.2s goto https://www.bbc.com/news
[8774 #1]   54.8s loaded
[8774 #1]   54.8s evaluate scroll #61
[8774 #1]   55.1s wait #61
[8774 #1]   55.6s evaluate scroll #62
[8774 #1]   55.8s wait #62
[8774 #1]   56.3s evaluate scroll #63
[8774 #1]   56.5s wait #63
[8774 #1]   57.0s evaluate scroll #64
[8774 #1]   57.1s wait #64
[8774 #1]   57.6s evaluate scroll #65
[8774 #1]   57.9s wait #65
[8774 #1]   58.4s evaluate scroll #66
[8774 #1]   58.6s wait #66
[8774 #1]   59.1s evaluate scroll #67
[8774 #1]   59.3s wait #67
[8774 #1]   59.8s evaluate scroll #68
[8774 #1]   60.0s wait #68
[8774 #1]   60.5s evaluate scroll #69
[8774 #1]   60.8s wait #69
[8774 #1]   61.3s evaluate scroll #70
[8774 #1]   61.6s wait #70
[8774 #1]   62.1s evaluate scroll #71
[8774 #1]   62.3s wait #71
[8774 #1]   62.8s evaluate scroll #72
[8774 #1]   63.6s wait #72
[8774 #1]   64.1s evaluate scroll #73
[8774 #1]   64.2s wait #73
[8774 #1]   64.7s evaluate scroll #74
[8774 #1]   64.8s wait #74
[8774 #1]   65.3s evaluate scroll #75
[8774 #1]   65.6s wait #75
[8774 #1]   66.1s evaluate scroll #76
[8774 #1]   66.2s wait #76
[8774 #1]   66.7s evaluate scroll #77
[8774 #1]   66.8s wait #77
[8774 #1]   67.3s evaluate scroll #78
[8774 #1]   67.4s wait #78
[8774 #1]   67.9s evaluate scroll #79
[8774 #1]   68.0s wait #79
[8774 #1]   68.5s evaluate scroll #80
[8774 #1]   68.6s wait #80
[8774 #1]   69.1s goto https://zh.wikipedia.org/
[8774 #1]   70.9s loaded
[8774 #1]   70.9s evaluate scroll #81
[8774 #1]   71.2s wait #81
[8774 #1]   71.7s evaluate scroll #82
[8774 #1]   71.8s wait #82
[8774 #1]   72.3s evaluate scroll #83
[8774 #1]   72.4s wait #83
[8774 #1]   72.9s evaluate scroll #84
[8774 #1]   73.0s wait #84
[8774 #1]   73.5s evaluate scroll #85
[8774 #1]   73.6s wait #85
[8774 #1]   74.1s evaluate scroll #86
[8774 #1]   74.2s wait #86
[8774 #1]   74.7s evaluate scroll #87
[8774 #1]   74.9s wait #87
[8774 #1]   75.4s evaluate scroll #88
[8774 #1]   75.5s wait #88
[8774 #1]   76.0s evaluate scroll #89
[8774 #1]   76.1s wait #89
[8774 #1]   76.6s evaluate scroll #90
[8774 #1]   76.7s wait #90
[8774 #1]   77.2s evaluate scroll #91
[8774 #1]   77.3s wait #91
[8774 #1]   77.8s evaluate scroll #92
[8774 #1]   77.9s wait #92
[8774 #1]   78.4s evaluate scroll #93
[8774 #1]   78.4s wait #93
[8774 #1]   78.9s evaluate scroll #94
[8774 #1]   79.0s wait #94
[8774 #1]   79.5s evaluate scroll #95
[8774 #1]   79.6s wait #95
[8774 #1]   80.1s evaluate scroll #96
[8774 #1]   80.2s wait #96
[8774 #1]   80.7s evaluate scroll #97
[8774 #1]   80.8s wait #97
[8774 #1]   81.3s evaluate scroll #98
[8774 #1]   81.4s wait #98
[8774 #1]   81.9s evaluate scroll #99
[8774 #1]   82.0s wait #99
[8774 #1]   82.5s evaluate scroll #100
[8774 #1]   82.6s wait #100
[8774 #1]   83.1s goto https://zh.wikipedia.org/wiki/%E5%8F%B0%E5%8C%97101
[8774 #1]   84.4s loaded
[8774 #1]   84.4s evaluate scroll #101
[8774 #1]   84.8s wait #101
[8774 #1]   85.3s evaluate scroll #102
[8774 #1]   85.4s wait #102
[8774 #1]   85.9s evaluate scroll #103
[8774 #1]   86.0s wait #103
[8774 #1]   86.5s evaluate scroll #104
[8774 #1]   86.6s wait #104
[8774 #1]   87.1s evaluate scroll #105
[8774 #1]   87.2s wait #105
[8774 #1]   87.7s evaluate scroll #106
[8774 #1]   87.9s wait #106
[8774 #1]   88.4s evaluate scroll #107
[8774 #1]   88.5s wait #107
[8774 #1]   89.0s evaluate scroll #108
[8774 #1]   89.0s wait #108
[8774 #1]   89.5s evaluate scroll #109
[8774 #1]   89.8s wait #109
[8774 #1]   90.3s evaluate scroll #110
[8774 #1]   90.4s wait #110
[8774 #1]   90.9s evaluate scroll #111
[8774 #1]   91.0s wait #111
[8774 #1]   91.5s evaluate scroll #112
[8774 #1]   91.6s wait #112
[8774 #1]   92.1s evaluate scroll #113
[8774 #1]   92.2s wait #113
[8774 #1]   92.7s evaluate scroll #114
[8774 #1]   92.9s wait #114
[8774 #1]   93.4s evaluate scroll #115
[8774 #1]   93.5s wait #115
[8774 #1]   94.0s evaluate scroll #116
[8774 #1]   94.1s wait #116
[8774 #1]   94.6s evalu #1]   55.9s wait #58
[8773 #1]   56.4s evaluate scroll #59
[8773 #1]   56.5s wait #59
[8773 #1]   57.0s evaluate scroll #60
[8773 #1]   57.1s wait #60
[8773 #1]   57.6s goto https://www.bbc.com/news
[8773 #1]   60.1s loaded
[8773 #1]   60.1s evaluate scroll #61
[8773 #1]   60.6s wait #61
[8773 #1]   61.1s evaluate scroll #62
[8773 #1]   61.3s wait #62
[8773 #1]   61.8s evaluate scroll #63
[8773 #1]   62.4s wait #63
[8773 #1]   62.9s evaluate scroll #64
[8773 #1]   63.5s wait #64
[8773 #1]   64.0s evaluate scroll #65
[8773 #1]   64.2s wait #65
[8773 #1]   64.7s evaluate scroll #66
[8773 #1]   65.1s wait #66
[8773 #1]   65.6s evaluate scroll #67
[8773 #1]   66.0s wait #67
[8773 #1]   66.5s evaluate scroll #68
[8773 #1]   66.9s wait #68
[8773 #1]   67.4s evaluate scroll #69
[8773 #1]   67.6s wait #69
[8773 #1]   68.1s evaluate scroll #70
[8773 #1]   68.3s wait #70
[8773 #1]   68.8s evaluate scroll #71
[8773 #1]   68.9s wait #71
[8773 #1]   69.4s evaluate scroll #72
[8773 #1]   70.5s wait #72
[8773 #1]   71.0s evaluate scroll #73
[8773 #1]   71.2s wait #73
[8773 #1]   71.7s evaluate scroll #74
[8773 #1]   71.9s wait #74
[8773 #1]   72.4s evaluate scroll #75
[8773 #1]   72.5s wait #75
[8773 #1]   73.0s evaluate scroll #76
[8773 #1]   73.3s wait #76
[8773 #1]   73.8s evaluate scroll #77
[8773 #1]   74.3s wait #77
[8773 #1]   74.8s evaluate scroll #78
[8773 #1]   75.0s wait #78
[8773 #1]   75.5s evaluate scroll #79
[8773 #1]   75.6s wait #79
[8773 #1]   76.1s evaluate scroll #80
[8773 #1]   76.3s wait #80
[8773 #1]   76.8s goto https://zh.wikipedia.org/
[8773 #1]   79.5s loaded
[8773 #1]   79.5s evaluate scroll #81
[8773 #1]   79.8s wait #81
[8773 #1]   80.3s evaluate scroll #82
[8773 #1]   80.5s wait #82
[8773 #1]   81.0s evaluate scroll #83
[8773 #1]   81.1s wait #83
[8773 #1]   81.6s evaluate scroll #84
[8773 #1]   81.7s wait #84
[8773 #1]   82.2s evaluate scroll #85
[8773 #1]   82.3s wait #85
[8773 #1]   82.8s evaluate scroll #86
[8773 #1]   82.8s wait #86
[8773 #1]   83.3s evaluate scroll #87
[8773 #1]   83.4s wait #87
[8773 #1]   83.9s evaluate scroll #88
[8773 #1]   84.0s wait #88
[8773 #1]   84.5s evaluate scroll #89
[8773 #1]   84.7s wait #89
[8773 #1]   85.2s evaluate scroll #90
[8773 #1]   85.3s wait #90
[8773 #1]   85.8s evaluate scroll #91
[8773 #1]   85.8s wait #91
[8773 #1]   86.3s evaluate scroll #92
[8773 #1]   86.5s wait #92
[8773 #1]   87.0s evaluate scroll #93
[8773 #1]   87.0s wait #93
[8773 #1]   87.5s evaluate scroll #94
[8773 #1]   87.6s wait #94
[8773 #1]   88.1s evaluate scroll #95
[8773 #1]   88.2s wait #95
[8773 #1]   88.7s evaluate scroll #96
[8773 #1]   88.8s wait #96
[8773 #1]   89.3s evaluate scroll #97
[8773 #1]   89.4s wait #97
[8773 #1]   89.9s evaluate scroll #98
[8773 #1]   90.0s wait #98
[8773 #1]   90.5s evaluate scroll #99
[8773 #1]   90.6s wait #99
[8773 #1]   91.1s evaluate scroll #100
[8773 #1]   91.2s wait #100
[8773 #1]   91.7s goto https://zh.wikipedia.org/wiki/%E5%8F%B0%E5%8C%97101
[8773 #1]   93.1s loaded
[8773 #1]   93.1s evaluate scroll #101
[8773 #1]   93.7s wait #101
[8773 #1]   94.2s evaluate scroll #102
[8773 #1]   94.3s wait #102
[8773 #1]   94.8s evaluate scroll #103
[8773 #1]   94.9s wait #103
[8773 #1]   95.4s evaluate scroll #104
[8773 #1]   95.5s wait #104
[8773 #1]   96.0s evaluate scroll #105
[8773 #1]   96.1s wait #105
[8773 #1]   96.6s evaluate scroll #106
[8773 #1]   96.7s wait #106
[8773 #1]   97.2s evaluate scroll #107
[8773 #1]   97.3s wait #107
[8773 #1]   97.8s evaluate scroll #108
[8773 #1]   97.9s wait #108
[8773 #1]   98.4s evaluate scroll #109
[8773 #1]   98.5s wait #109
[8773 #1]   99.0s evaluate scroll #110
[8773 #1]   99.1s wait #110
[8773 #1]   99.6s evaluate scroll #111
[8773 #1]   99.7s wait #111
[8773 #1]  100.2s evaluate scroll #112
[8773 #1]  100.3s wait #112
[8773 #1]  100.8s evaluate scroll #113
[8773 #1]  100.9s wait #113
[8773 #1]  101.4s evaluate scroll #114
[8773 #1]  101.5s wait #114
[8773 #1]  102.0s evaluate scroll #115
[8773 #1]  102.1s wait #115
[8773 #1]  102.6s evaluate scroll #116
[8773 #1]  102.7s wait #116
[8773 #1]  103.2s evalu8
[8772 #1]   90.5s wait #108
[8772 #1]   91.0s evaluate scroll #109
[8772 #1]   91.2s wait #109
[8772 #1]   91.7s evaluate scroll #110
[8772 #1]   91.8s wait #110
[8772 #1]   92.3s evaluate scroll #111
[8772 #1]   92.4s wait #111
[8772 #1]   92.9s evaluate scroll #112
[8772 #1]   93.1s wait #112
[8772 #1]   93.6s evaluate scroll #113
[8772 #1]   93.6s wait #113
[8772 #1]   94.1s evaluate scroll #114
[8772 #1]   94.3s wait #114
[8772 #1]   94.8s evaluate scroll #115
[8772 #1]   94.9s wait #115
[8772 #1]   95.4s evaluate scroll #116
[8772 #1]   95.5s wait #116
[8772 #1]   96.0s evaluate scroll #117
[8772 #1]   96.1s wait #117
[8772 #1]   96.6s evaluate scroll #118
[8772 #1]   96.8s wait #118
[8772 #1]   97.3s evaluate scroll #119
[8772 #1]   97.3s wait #119
[8772 #1]   97.8s evaluate scroll #120
[8772 #1]   98.0s wait #120
[8772 #1]   98.5s goto https://github.com/explore
[8772 #1]  103.4s loaded
[8772 #1]  103.4s evaluate scroll #121
[8772 #1]  104.6s wait #121
[8772 #1]  105.1s evaluate scroll #122
[8772 #1]  105.1s wait #122
[8772 #1]  105.7s evaluate scroll #123
[8772 #1]  105.7s wait #123
[8772 #1]  106.2s evaluate scroll #124
[8772 #1]  106.4s wait #124
[8772 #1]  106.9s evaluate scroll #125
[8772 #1]  106.9s wait #125
[8772 #1]  107.4s evaluate scroll #126
[8772 #1]  107.5s wait #126
[8772 #1]  108.0s evaluate scroll #127
[8772 #1]  108.1s wait #127
[8772 #1]  108.6s evaluate scroll #128
[8772 #1]  108.7s wait #128
[8772 #1]  109.2s evaluate scroll #129
[8772 #1]  109.4s wait #129
[8772 #1]  109.9s evaluate scroll #130
[8772 #1]  110.0s wait #130
[8772 #1]  110.5s evaluate scroll #131
[8772 #1]  110.5s wait #131
[8772 #1]  111.0s evaluate scroll #132
[8772 #1]  111.1s wait #132
[8772 #1]  111.6s evaluate scroll #133
[8772 #1]  111.7s wait #133
[8772 #1]  112.2s evaluate scroll #134
[8772 #1]  112.3s wait #134
[8772 #1]  112.8s evaluate scroll #135
[8772 #1]  112.9s wait #135
[8772 #1]  113.4s evaluate scroll #136
[8772 #1]  113.6s wait #136
[8772 #1]  114.1s evaluate scroll #137
[8772 #1]  114.2s wait #137
[8772 #1]  114.7s evaluate scroll #138
[8772 #1]  114.7s wait #138
[8772 #1]  115.3s evaluate scroll #139
[8772 #1]  115.3s wait #139
[8772 #1]  115.8s evaluate scroll #140
[8772 #1]  115.9s wait #140
[8772 #1]  116.4s goto https://www.bbc.com/news
[8772 #1]  118.8s loaded
[8772 #1]  118.8s evaluate scroll #141
[8772 #1]  119.3s wait #141
[8772 #1]  119.8s evaluate scroll #142
[8772 #1]  120.0s wait #142
[8772 #1]  120.5s evaluate scroll #143
[8772 #1]  120.7s wait #143
[8772 #1]  121.2s evaluate scroll #144
[8772 #1]  121.5s wait #144
[8772 #1]  122.0s evaluate scroll #145
[8772 #1]  122.5s wait #145
[8772 #1]  123.0s evaluate scroll #146
[8772 #1]  123.4s wait #146
[8772 #1]  123.9s evaluate scroll #147
[8772 #1]  124.1s wait #147
[8772 #1]  124.6s evaluate scroll #148
[8772 #1]  124.9s wait #148
[8772 #1]  125.4s evaluate scroll #149
[8772 #1]  125.5s wait #149
[8772 #1]  126.0s evaluate scroll #150
[8772 #1]  126.2s wait #150
[8772 #1]  126.7s evaluate scroll #151
[8772 #1]  127.0s wait #151
[8772 #1]  127.5s evaluate scroll #152
[8772 #1]  127.8s wait #152
[8772 #1]  128.3s evaluate scroll #153
[8772 #1]  128.4s wait #153
[8772 #1]  128.9s evaluate scroll #154
[8772 #1]  129.5s wait #154
[8772 #1]  130.0s evaluate scroll #155
[8772 #1]  130.1s wait #155
[8772 #1]  130.6s evaluate scroll #156
[8772 #1]  130.8s wait #156
[8772 #1]  131.3s evaluate scroll #157
[8772 #1]  131.4s wait #157
[8772 #1]  131.9s evaluate scroll #158
[8772 #1]  132.0s wait #158
[8772 #1]  132.5s evaluate scroll #159
[8772 #1]  132.6s wait #159
[8772 #1]  133.1s evaluate scroll #160
[8772 #1]  133.2s wait #160
[8772 #1]  133.7s goto https://zh.wikipedia.org/
[8772 #1]  135.6s loaded
[8772 #1]  135.6s evaluate scroll #161
[8772 #1]  136.3s wait #161
[8772 #1]  136.8s evaluate scroll #162
[8772 #1]  136.9s wait #162
[8772 #1]  137.4s evaluate scroll #163
[8772 #1]  137.5s wait #163
[8772 #1]  138.0s evaluate scroll #164
[8772 #1]  138.2s wait #164
[8772 #1]  138.7s evaluate scroll #165
[8772 #1]  138.7s wait #165
[8772 #1]  139.2s evaluat8
[8771 #1]   90.9s wait #108
[8771 #1]   91.4s evaluate scroll #109
[8771 #1]   91.5s wait #109
[8771 #1]   92.0s evaluate scroll #110
[8771 #1]   92.1s wait #110
[8771 #1]   92.6s evaluate scroll #111
[8771 #1]   92.8s wait #111
[8771 #1]   93.3s evaluate scroll #112
[8771 #1]   93.4s wait #112
[8771 #1]   93.9s evaluate scroll #113
[8771 #1]   94.0s wait #113
[8771 #1]   94.5s evaluate scroll #114
[8771 #1]   94.6s wait #114
[8771 #1]   95.1s evaluate scroll #115
[8771 #1]   95.3s wait #115
[8771 #1]   95.8s evaluate scroll #116
[8771 #1]   95.9s wait #116
[8771 #1]   96.4s evaluate scroll #117
[8771 #1]   96.5s wait #117
[8771 #1]   97.0s evaluate scroll #118
[8771 #1]   97.1s wait #118
[8771 #1]   97.6s evaluate scroll #119
[8771 #1]   97.7s wait #119
[8771 #1]   98.2s evaluate scroll #120
[8771 #1]   98.2s wait #120
[8771 #1]   98.7s goto https://github.com/explore
[8771 #1]  103.5s loaded
[8771 #1]  103.5s evaluate scroll #121
[8771 #1]  104.6s wait #121
[8771 #1]  105.1s evaluate scroll #122
[8771 #1]  105.2s wait #122
[8771 #1]  105.7s evaluate scroll #123
[8771 #1]  105.8s wait #123
[8771 #1]  106.3s evaluate scroll #124
[8771 #1]  106.4s wait #124
[8771 #1]  106.9s evaluate scroll #125
[8771 #1]  107.0s wait #125
[8771 #1]  107.5s evaluate scroll #126
[8771 #1]  107.6s wait #126
[8771 #1]  108.1s evaluate scroll #127
[8771 #1]  108.1s wait #127
[8771 #1]  108.7s evaluate scroll #128
[8771 #1]  108.7s wait #128
[8771 #1]  109.2s evaluate scroll #129
[8771 #1]  109.3s wait #129
[8771 #1]  109.8s evaluate scroll #130
[8771 #1]  109.9s wait #130
[8771 #1]  110.4s evaluate scroll #131
[8771 #1]  110.5s wait #131
[8771 #1]  111.0s evaluate scroll #132
[8771 #1]  111.0s wait #132
[8771 #1]  111.5s evaluate scroll #133
[8771 #1]  111.6s wait #133
[8771 #1]  112.1s evaluate scroll #134
[8771 #1]  112.2s wait #134
[8771 #1]  112.7s evaluate scroll #135
[8771 #1]  112.8s wait #135
[8771 #1]  113.3s evaluate scroll #136
[8771 #1]  113.4s wait #136
[8771 #1]  113.9s evaluate scroll #137
[8771 #1]  114.0s wait #137
[8771 #1]  114.5s evaluate scroll #138
[8771 #1]  114.6s wait #138
[8771 #1]  115.1s evaluate scroll #139
[8771 #1]  115.2s wait #139
[8771 #1]  115.7s evaluate scroll #140
[8771 #1]  115.8s wait #140
[8771 #1]  116.3s goto https://www.bbc.com/news
[8771 #1]  118.8s loaded
[8771 #1]  118.8s evaluate scroll #141
[8771 #1]  119.3s wait #141
[8771 #1]  119.8s evaluate scroll #142
[8771 #1]  120.1s wait #142
[8771 #1]  120.6s evaluate scroll #143
[8771 #1]  120.7s wait #143
[8771 #1]  121.2s evaluate scroll #144
[8771 #1]  121.5s wait #144
[8771 #1]  122.0s evaluate scroll #145
[8771 #1]  122.2s wait #145
[8771 #1]  122.7s evaluate scroll #146
[8771 #1]  123.6s wait #146
[8771 #1]  124.1s evaluate scroll #147
[8771 #1]  124.5s wait #147
[8771 #1]  125.0s evaluate scroll #148
[8771 #1]  125.3s wait #148
[8771 #1]  125.8s evaluate scroll #149
[8771 #1]  126.1s wait #149
[8771 #1]  126.6s evaluate scroll #150
[8771 #1]  126.9s wait #150
[8771 #1]  127.4s evaluate scroll #151
[8771 #1]  127.5s wait #151
[8771 #1]  128.0s evaluate scroll #152
[8771 #1]  128.1s wait #152
[8771 #1]  128.6s evaluate scroll #153
[8771 #1]  129.6s wait #153
[8771 #1]  130.1s evaluate scroll #154
[8771 #1]  130.2s wait #154
[8771 #1]  130.7s evaluate scroll #155
[8771 #1]  130.8s wait #155
[8771 #1]  131.3s evaluate scroll #156
[8771 #1]  131.4s wait #156
[8771 #1]  131.9s evaluate scroll #157
[8771 #1]  132.4s wait #157
[8771 #1]  132.9s evaluate scroll #158
[8771 #1]  133.0s wait #158
[8771 #1]  133.5s evaluate scroll #159
[8771 #1]  133.7s wait #159
[8771 #1]  134.2s evaluate scroll #160
[8771 #1]  134.4s wait #160
[8771 #1]  134.9s goto https://zh.wikipedia.org/
[8771 #1]  137.2s loaded
[8771 #1]  137.2s evaluate scroll #161
[8771 #1]  137.5s wait #161
[8771 #1]  138.0s evaluate scroll #162
[8771 #1]  138.1s wait #162
[8771 #1]  138.6s evaluate scroll #163
[8771 #1]  138.7s wait #163
[8771 #1]  139.2s evaluate scroll #164
[8771 #1]  139.3s wait #164
[8771 #1]  139.8s evaluate scroll #165
[8771 #1]  139.8s wait #165
[8771 #1]  140.3s evaluatate scroll #117
[8774 #1]   94.7s wait #117
[8774 #1]   95.2s evaluate scroll #118
[8774 #1]   95.3s wait #118
[8774 #1]   95.8s evaluate scroll #119
[8774 #1]   95.8s wait #119
[8774 #1]   96.3s evaluate scroll #120
[8774 #1]   96.4s wait #120
[8774 #1]   96.9s goto https://github.com/explore
[8774 #1]  101.4s loaded
[8774 #1]  101.4s evaluate scroll #121
[8774 #1]  102.5s wait #121
[8774 #1]  103.0s evaluate scroll #122
[8774 #1]  103.1s wait #122
[8774 #1]  103.6s evaluate scroll #123
[8774 #1]  103.7s wait #123
[8774 #1]  104.2s evaluate scroll #124
[8774 #1]  104.4s wait #124
[8774 #1]  104.9s evaluate scroll #125
[8774 #1]  105.0s wait #125
[8774 #1]  105.5s evaluate scroll #126
[8774 #1]  105.6s wait #126
[8774 #1]  106.1s evaluate scroll #127
[8774 #1]  106.2s wait #127
[8774 #1]  106.7s evaluate scroll #128
[8774 #1]  106.8s wait #128
[8774 #1]  107.3s evaluate scroll #129
[8774 #1]  107.4s wait #129
[8774 #1]  107.9s evaluate scroll #130
[8774 #1]  108.0s wait #130
[8774 #1]  108.5s evaluate scroll #131
[8774 #1]  108.6s wait #131
[8774 #1]  109.1s evaluate scroll #132
[8774 #1]  109.2s wait #132
[8774 #1]  109.7s evaluate scroll #133
[8774 #1]  109.8s wait #133
[8774 #1]  110.3s evaluate scroll #134
[8774 #1]  110.4s wait #134
[8774 #1]  110.9s evaluate scroll #135
[8774 #1]  111.0s wait #135
[8774 #1]  111.5s evaluate scroll #136
[8774 #1]  111.6s wait #136
[8774 #1]  112.1s evaluate scroll #137
[8774 #1]  112.2s wait #137
[8774 #1]  112.7s evaluate scroll #138
[8774 #1]  112.8s wait #138
[8774 #1]  113.3s evaluate scroll #139
[8774 #1]  113.4s wait #139
[8774 #1]  113.9s evaluate scroll #140
[8774 #1]  114.0s wait #140
[8774 #1]  114.5s goto https://www.bbc.com/news
[8774 #1]  117.0s loaded
[8774 #1]  117.0s evaluate scroll #141
[8774 #1]  117.4s wait #141
[8774 #1]  117.9s evaluate scroll #142
[8774 #1]  118.3s wait #142
[8774 #1]  118.8s evaluate scroll #143
[8774 #1]  119.3s wait #143
[8774 #1]  119.8s evaluate scroll #144
[8774 #1]  120.5s wait #144
[8774 #1]  121.0s evaluate scroll #145
[8774 #1]  121.3s wait #145
[8774 #1]  121.8s evaluate scroll #146
[8774 #1]  122.0s wait #146
[8774 #1]  122.5s evaluate scroll #147
[8774 #1]  122.7s wait #147
[8774 #1]  123.2s evaluate scroll #148
[8774 #1]  123.5s wait #148
[8774 #1]  124.0s evaluate scroll #149
[8774 #1]  124.2s wait #149
[8774 #1]  124.7s evaluate scroll #150
[8774 #1]  124.9s wait #150
[8774 #1]  125.4s evaluate scroll #151
[8774 #1]  125.5s wait #151
[8774 #1]  126.0s evaluate scroll #152
[8774 #1]  126.2s wait #152
[8774 #1]  126.7s evaluate scroll #153
[8774 #1]  126.8s wait #153
[8774 #1]  127.3s evaluate scroll #154
[8774 #1]  127.4s wait #154
[8774 #1]  127.9s evaluate scroll #155
[8774 #1]  128.1s wait #155
[8774 #1]  128.6s evaluate scroll #156
[8774 #1]  128.7s wait #156
[8774 #1]  129.2s evaluate scroll #157
[8774 #1]  129.4s wait #157
[8774 #1]  129.9s evaluate scroll #158
[8774 #1]  129.9s wait #158
[8774 #1]  130.4s evaluate scroll #159
[8774 #1]  130.5s wait #159
[8774 #1]  131.0s evaluate scroll #160
[8774 #1]  131.1s wait #160
[8774 #1]  131.6s goto https://zh.wikipedia.org/
[8774 #1]  133.6s loaded
[8774 #1]  133.6s evaluate scroll #161
[8774 #1]  133.9s wait #161
[8774 #1]  134.4s evaluate scroll #162
[8774 #1]  134.5s wait #162
[8774 #1]  135.0s evaluate scroll #163
[8774 #1]  135.1s wait #163
[8774 #1]  135.6s evaluate scroll #164
[8774 #1]  135.7s wait #164
[8774 #1]  136.2s evaluate scroll #165
[8774 #1]  136.3s wait #165
[8774 #1]  136.8s evaluate scroll #166
[8774 #1]  136.9s wait #166
[8774 #1]  137.4s evaluate scroll #167
[8774 #1]  137.5s wait #167
[8774 #1]  138.0s evaluate scroll #168
[8774 #1]  138.1s wait #168
[8774 #1]  138.6s evaluate scroll #169
[8774 #1]  138.7s wait #169
[8774 #1]  139.2s evaluate scroll #170
[8774 #1]  139.3s wait #170
[8774 #1]  139.8s evaluate scroll #171
[8774 #1]  139.8s wait #171
[8774 #1]  140.3s evaluate scroll #172
[8774 #1]  140.4s wait #172
[8774 #1]  140.9s evaluate scroll #173
[8774 #1]  141.0s wait #173
[8774 #1]  141.5s evaluate scroll #174
[8774 #1]  141.6s wait #174
[8774 #1]  ate scroll #117
[8773 #1]  103.3s wait #117
[8773 #1]  103.8s evaluate scroll #118
[8773 #1]  103.9s wait #118
[8773 #1]  104.4s evaluate scroll #119
[8773 #1]  104.6s wait #119
[8773 #1]  105.1s evaluate scroll #120
[8773 #1]  105.2s wait #120
[8773 #1]  105.7s goto https://github.com/explore
[8773 #1]  109.9s loaded
[8773 #1]  109.9s evaluate scroll #121
[8773 #1]  110.9s wait #121
[8773 #1]  111.4s evaluate scroll #122
[8773 #1]  111.8s wait #122
[8773 #1]  112.3s evaluate scroll #123
[8773 #1]  112.4s wait #123
[8773 #1]  112.9s evaluate scroll #124
[8773 #1]  113.1s wait #124
[8773 #1]  113.6s evaluate scroll #125
[8773 #1]  113.6s wait #125
[8773 #1]  114.1s evaluate scroll #126
[8773 #1]  114.2s wait #126
[8773 #1]  114.7s evaluate scroll #127
[8773 #1]  114.8s wait #127
[8773 #1]  115.3s evaluate scroll #128
[8773 #1]  115.4s wait #128
[8773 #1]  115.9s evaluate scroll #129
[8773 #1]  116.0s wait #129
[8773 #1]  116.5s evaluate scroll #130
[8773 #1]  116.6s wait #130
[8773 #1]  117.1s evaluate scroll #131
[8773 #1]  117.3s wait #131
[8773 #1]  117.8s evaluate scroll #132
[8773 #1]  117.9s wait #132
[8773 #1]  118.4s evaluate scroll #133
[8773 #1]  118.5s wait #133
[8773 #1]  119.0s evaluate scroll #134
[8773 #1]  119.1s wait #134
[8773 #1]  119.6s evaluate scroll #135
[8773 #1]  119.7s wait #135
[8773 #1]  120.2s evaluate scroll #136
[8773 #1]  120.3s wait #136
[8773 #1]  120.8s evaluate scroll #137
[8773 #1]  120.9s wait #137
[8773 #1]  121.4s evaluate scroll #138
[8773 #1]  121.5s wait #138
[8773 #1]  122.0s evaluate scroll #139
[8773 #1]  122.1s wait #139
[8773 #1]  122.6s evaluate scroll #140
[8773 #1]  122.7s wait #140
[8773 #1]  123.2s goto https://www.bbc.com/news
[8773 #1]  125.6s loaded
[8773 #1]  125.6s evaluate scroll #141
[8773 #1]  126.1s wait #141
[8773 #1]  126.6s evaluate scroll #142
[8773 #1]  126.8s wait #142
[8773 #1]  127.3s evaluate scroll #143
[8773 #1]  127.5s wait #143
[8773 #1]  128.0s evaluate scroll #144
[8773 #1]  128.2s wait #144
[8773 #1]  128.7s evaluate scroll #145
[8773 #1]  129.1s wait #145
[8773 #1]  129.6s evaluate scroll #146
[8773 #1]  129.8s wait #146
[8773 #1]  130.3s evaluate scroll #147
[8773 #1]  130.5s wait #147
[8773 #1]  131.0s evaluate scroll #148
[8773 #1]  131.2s wait #148
[8773 #1]  131.7s evaluate scroll #149
[8773 #1]  132.1s wait #149
[8773 #1]  132.6s evaluate scroll #150
[8773 #1]  132.9s wait #150
[8773 #1]  133.4s evaluate scroll #151
[8773 #1]  133.5s wait #151
[8773 #1]  134.0s evaluate scroll #152
[8773 #1]  134.8s wait #152
[8773 #1]  135.4s evaluate scroll #153
[8773 #1]  135.9s wait #153
[8773 #1]  136.4s evaluate scroll #154
[8773 #1]  136.6s wait #154
[8773 #1]  137.1s evaluate scroll #155
[8773 #1]  137.3s wait #155
[8773 #1]  137.8s evaluate scroll #156
[8773 #1]  137.9s wait #156
[8773 #1]  138.4s evaluate scroll #157
[8773 #1]  139.3s wait #157
[8773 #1]  139.8s evaluate scroll #158
[8773 #1]  140.0s wait #158
[8773 #1]  140.5s evaluate scroll #159
[8773 #1]  140.6s wait #159
[8773 #1]  141.1s evaluate scroll #160
[8773 #1]  141.2s wait #160
[8773 #1]  141.7s goto https://zh.wikipedia.org/
[8773 #1]  143.8s loaded
[8773 #1]  143.8s evaluate scroll #161
[8773 #1]  144.1s wait #161
[8773 #1]  144.6s evaluate scroll #162
[8773 #1]  144.7s wait #162
[8773 #1]  145.2s evaluate scroll #163
[8773 #1]  145.3s wait #163
[8773 #1]  145.8s evaluate scroll #164
[8773 #1]  145.9s wait #164
[8773 #1]  146.4s evaluate scroll #165
[8773 #1]  146.5s wait #165
[8773 #1]  147.0s evaluate scroll #166
[8773 #1]  147.1s wait #166
[8773 #1]  147.6s evaluate scroll #167
[8773 #1]  147.7s wait #167
[8773 #1]  148.2s evaluate scroll #168
[8773 #1]  148.3s wait #168
[8773 #1]  148.8s evaluate scroll #169
[8773 #1]  148.9s wait #169
[8773 #1]  149.4s evaluate scroll #170
[8773 #1]  149.4s wait #170
[8773 #1]  149.9s evaluate scroll #171
[8773 #1]  150.0s wait #171
[8773 #1]  150.5s evaluate scroll #172
[8773 #1]  150.6s wait #172
[8773 #1]  151.1s evaluate scroll #173
[8773 #1]  151.2s wait #173
[8773 #1]  151.7s evaluate scroll #174
[8773 #1]  151.8s wait #174
[8773 #1]  e scroll #166
[8772 #1]  139.3s wait #166
[8772 #1]  139.8s evaluate scroll #167
[8772 #1]  139.9s wait #167
[8772 #1]  140.4s evaluate scroll #168
[8772 #1]  140.5s wait #168
[8772 #1]  141.0s evaluate scroll #169
[8772 #1]  141.1s wait #169
[8772 #1]  141.6s evaluate scroll #170
[8772 #1]  141.6s wait #170
[8772 #1]  142.1s evaluate scroll #171
[8772 #1]  142.3s wait #171
[8772 #1]  142.8s evaluate scroll #172
[8772 #1]  142.9s wait #172
[8772 #1]  143.4s evaluate scroll #173
[8772 #1]  143.4s wait #173
[8772 #1]  143.9s evaluate scroll #174
[8772 #1]  144.0s wait #174
[8772 #1]  144.5s evaluate scroll #175
[8772 #1]  144.6s wait #175
[8772 #1]  145.1s evaluate scroll #176
[8772 #1]  145.2s wait #176
[8772 #1]  145.7s evaluate scroll #177
[8772 #1]  145.8s wait #177
[8772 #1]  146.3s evaluate scroll #178
[8772 #1]  146.4s wait #178
[8772 #1]  146.9s evaluate scroll #179
[8772 #1]  146.9s wait #179
[8772 #1]  147.4s evaluate scroll #180
[8772 #1]  147.6s wait #180
[8772 #1]  148.1s goto https://zh.wikipedia.org/wiki/%E5%8F%B0%E5%8C%97101
[8772 #1]  149.5s loaded
[8772 #1]  149.5s evaluate scroll #181
[8772 #1]  150.0s wait #181
[8772 #1]  150.5s evaluate scroll #182
[8772 #1]  150.7s wait #182
[8772 #1]  151.2s evaluate scroll #183
[8772 #1]  151.3s wait #183
[8772 #1]  151.8s evaluate scroll #184
[8772 #1]  151.9s wait #184
[8772 #1]  152.4s evaluate scroll #185
[8772 #1]  152.4s wait #185
[8772 #1]  153.0s evaluate scroll #186
[8772 #1]  153.0s wait #186
[8772 #1]  153.5s evaluate scroll #187
[8772 #1]  153.6s wait #187
[8772 #1]  154.2s evaluate scroll #188
[8772 #1]  154.3s wait #188
[8772 #1]  154.8s evaluate scroll #189
[8772 #1]  155.0s wait #189
[8772 #1]  155.6s evaluate scroll #190
[8772 #1]  155.6s wait #190
[8772 #1]  156.1s evaluate scroll #191
[8772 #1]  156.2s wait #191
[8772 #1]  156.7s evaluate scroll #192
[8772 #1]  156.8s wait #192
[8772 #1]  157.3s evaluate scroll #193
[8772 #1]  157.4s wait #193
[8772 #1]  157.9s evaluate scroll #194
[8772 #1]  158.0s wait #194
[8772 #1]  158.5s evaluate scroll #195
[8772 #1]  158.6s wait #195
[8772 #1]  159.1s evaluate scroll #196
[8772 #1]  159.2s wait #196
[8772 #1]  159.7s evaluate scroll #197
[8772 #1]  159.8s wait #197
[8772 #1]  160.3s evaluate scroll #198
[8772 #1]  160.4s wait #198
[8772 #1]  160.9s evaluate scroll #199
[8772 #1]  161.0s wait #199
[8772 #1]  161.5s evaluate scroll #200
[8772 #1]  161.6s wait #200
[8772 #1]  162.1s goto https://github.com/explore
[8772 #1]  167.0s loaded
[8772 #1]  167.0s evaluate scroll #201
[8772 #1]  168.3s wait #201
[8772 #1]  168.8s evaluate scroll #202
[8772 #1]  169.0s wait #202
[8772 #1]  169.5s evaluate scroll #203
[8772 #1]  169.8s wait #203
[8772 #1]  170.3s evaluate scroll #204
[8772 #1]  170.4s wait #204
[8772 #1]  170.9s evaluate scroll #205
[8772 #1]  171.0s wait #205
[8772 #1]  171.5s evaluate scroll #206
[8772 #1]  171.7s wait #206
[8772 #1]  172.2s evaluate scroll #207
[8772 #1]  172.3s wait #207
[8772 #1]  172.8s evaluate scroll #208
[8772 #1]  172.9s wait #208
[8772 #1]  173.4s evaluate scroll #209
[8772 #1]  173.6s wait #209
[8772 #1]  174.1s evaluate scroll #210
[8772 #1]  174.1s wait #210
[8772 #1]  174.6s evaluate scroll #211
[8772 #1]  174.8s wait #211
[8772 #1]  175.3s evaluate scroll #212
[8772 #1]  175.4s wait #212
[8772 #1]  175.9s evaluate scroll #213
[8772 #1]  176.0s wait #213
[8772 #1]  176.5s evaluate scroll #214
[8772 #1]  176.6s wait #214
[8772 #1]  177.1s evaluate scroll #215
[8772 #1]  177.2s wait #215
[8772 #1]  177.7s evaluate scroll #216
[8772 #1]  177.8s wait #216
[8772 #1]  178.3s evaluate scroll #217
[8772 #1]  178.4s wait #217
[8772 #1]  178.9s evaluate scroll #218
[8772 #1]  179.1s wait #218
[8772 #1]  179.6s evaluate scroll #219
[8772 #1]  179.7s wait #219
[8772 #1]  180.2s evaluate scroll #220
[8772 #1]  180.3s wait #220
[8772 #1]  180.8s goto https://www.bbc.com/news
[8772 #1]  182.7s loaded
[8772 #1]  182.7s evaluate scroll #221
[8772 #1]  183.3s wait #221
[8772 #1]  183.8s evaluate scroll #222
[8772 #1]  183.9s wait #222
[8772 #1]  184.4s evaluate scroll #223
[8772 #1]  184.e scroll #166
[8771 #1]  140.4s wait #166
[8771 #1]  140.9s evaluate scroll #167
[8771 #1]  141.1s wait #167
[8771 #1]  141.6s evaluate scroll #168
[8771 #1]  141.6s wait #168
[8771 #1]  142.1s evaluate scroll #169
[8771 #1]  142.2s wait #169
[8771 #1]  142.7s evaluate scroll #170
[8771 #1]  142.8s wait #170
[8771 #1]  143.3s evaluate scroll #171
[8771 #1]  143.4s wait #171
[8771 #1]  143.9s evaluate scroll #172
[8771 #1]  144.0s wait #172
[8771 #1]  144.5s evaluate scroll #173
[8771 #1]  144.6s wait #173
[8771 #1]  145.1s evaluate scroll #174
[8771 #1]  145.2s wait #174
[8771 #1]  145.7s evaluate scroll #175
[8771 #1]  145.8s wait #175
[8771 #1]  146.3s evaluate scroll #176
[8771 #1]  146.4s wait #176
[8771 #1]  146.9s evaluate scroll #177
[8771 #1]  146.9s wait #177
[8771 #1]  147.5s evaluate scroll #178
[8771 #1]  147.6s wait #178
[8771 #1]  148.1s evaluate scroll #179
[8771 #1]  148.2s wait #179
[8771 #1]  148.7s evaluate scroll #180
[8771 #1]  148.8s wait #180
[8771 #1]  149.3s goto https://zh.wikipedia.org/wiki/%E5%8F%B0%E5%8C%97101
[8771 #1]  150.8s loaded
[8771 #1]  150.8s evaluate scroll #181
[8771 #1]  151.2s wait #181
[8771 #1]  151.7s evaluate scroll #182
[8771 #1]  151.9s wait #182
[8771 #1]  152.4s evaluate scroll #183
[8771 #1]  152.6s wait #183
[8771 #1]  153.1s evaluate scroll #184
[8771 #1]  153.2s wait #184
[8771 #1]  153.7s evaluate scroll #185
[8771 #1]  153.8s wait #185
[8771 #1]  154.3s evaluate scroll #186
[8771 #1]  154.4s wait #186
[8771 #1]  154.9s evaluate scroll #187
[8771 #1]  155.0s wait #187
[8771 #1]  155.5s evaluate scroll #188
[8771 #1]  155.7s wait #188
[8771 #1]  156.2s evaluate scroll #189
[8771 #1]  156.3s wait #189
[8771 #1]  156.8s evaluate scroll #190
[8771 #1]  156.9s wait #190
[8771 #1]  157.4s evaluate scroll #191
[8771 #1]  157.5s wait #191
[8771 #1]  158.0s evaluate scroll #192
[8771 #1]  158.1s wait #192
[8771 #1]  158.6s evaluate scroll #193
[8771 #1]  158.7s wait #193
[8771 #1]  159.2s evaluate scroll #194
[8771 #1]  159.3s wait #194
[8771 #1]  159.8s evaluate scroll #195
[8771 #1]  160.0s wait #195
[8771 #1]  160.5s evaluate scroll #196
[8771 #1]  160.6s wait #196
[8771 #1]  161.1s evaluate scroll #197
[8771 #1]  161.2s wait #197
[8771 #1]  161.7s evaluate scroll #198
[8771 #1]  161.8s wait #198
[8771 #1]  162.3s evaluate scroll #199
[8771 #1]  162.4s wait #199
[8771 #1]  162.9s evaluate scroll #200
[8771 #1]  163.1s wait #200
[8771 #1]  163.6s goto https://github.com/explore
[8771 #1]  168.3s loaded
[8771 #1]  168.3s evaluate scroll #201
[8771 #1]  169.3s wait #201
[8771 #1]  169.8s evaluate scroll #202
[8771 #1]  170.1s wait #202
[8771 #1]  170.6s evaluate scroll #203
[8771 #1]  170.7s wait #203
[8771 #1]  171.2s evaluate scroll #204
[8771 #1]  171.4s wait #204
[8771 #1]  171.9s evaluate scroll #205
[8771 #1]  172.0s wait #205
[8771 #1]  172.5s evaluate scroll #206
[8771 #1]  172.7s wait #206
[8771 #1]  173.2s evaluate scroll #207
[8771 #1]  173.2s wait #207
[8771 #1]  173.8s evaluate scroll #208
[8771 #1]  173.9s wait #208
[8771 #1]  174.4s evaluate scroll #209
[8771 #1]  174.6s wait #209
[8771 #1]  175.1s evaluate scroll #210
[8771 #1]  175.2s wait #210
[8771 #1]  175.7s evaluate scroll #211
[8771 #1]  175.8s wait #211
[8771 #1]  176.3s evaluate scroll #212
[8771 #1]  176.4s wait #212
[8771 #1]  176.9s evaluate scroll #213
[8771 #1]  176.9s wait #213
[8771 #1]  177.4s evaluate scroll #214
[8771 #1]  177.5s wait #214
[8771 #1]  178.0s evaluate scroll #215
[8771 #1]  178.1s wait #215
[8771 #1]  178.6s evaluate scroll #216
[8771 #1]  178.8s wait #216
[8771 #1]  179.3s evaluate scroll #217
[8771 #1]  179.4s wait #217
[8771 #1]  179.9s evaluate scroll #218
[8771 #1]  180.0s wait #218
[8771 #1]  180.5s evaluate scroll #219
[8771 #1]  180.6s wait #219
[8771 #1]  181.1s evaluate scroll #220
[8771 #1]  181.2s wait #220
[8771 #1]  181.7s goto https://www.bbc.com/news
[8771 #1]  184.1s loaded
[8771 #1]  184.1s evaluate scroll #221
[8771 #1]  184.7s wait #221
[8771 #1]  185.2s evaluate scroll #222
[8771 #1]  185.5s wait #222
[8771 #1]  186.0s evaluate scroll #223
[8771 #1]  186.142.1s evaluate scroll #175
[8774 #1]  142.2s wait #175
[8774 #1]  142.7s evaluate scroll #176
[8774 #1]  142.8s wait #176
[8774 #1]  143.3s evaluate scroll #177
[8774 #1]  143.4s wait #177
[8774 #1]  143.9s evaluate scroll #178
[8774 #1]  144.0s wait #178
[8774 #1]  144.5s evaluate scroll #179
[8774 #1]  144.6s wait #179
[8774 #1]  145.1s evaluate scroll #180
[8774 #1]  145.1s wait #180
[8774 #1]  145.6s goto https://zh.wikipedia.org/wiki/%E5%8F%B0%E5%8C%97101
[8774 #1]  146.9s loaded
[8774 #1]  146.9s evaluate scroll #181
[8774 #1]  147.4s wait #181
[8774 #1]  147.9s evaluate scroll #182
[8774 #1]  148.0s wait #182
[8774 #1]  148.5s evaluate scroll #183
[8774 #1]  148.6s wait #183
[8774 #1]  149.1s evaluate scroll #184
[8774 #1]  149.2s wait #184
[8774 #1]  149.7s evaluate scroll #185
[8774 #1]  149.8s wait #185
[8774 #1]  150.3s evaluate scroll #186
[8774 #1]  150.4s wait #186
[8774 #1]  150.9s evaluate scroll #187
[8774 #1]  150.9s wait #187
[8774 #1]  151.4s evaluate scroll #188
[8774 #1]  151.6s wait #188
[8774 #1]  152.1s evaluate scroll #189
[8774 #1]  152.3s wait #189
[8774 #1]  152.8s evaluate scroll #190
[8774 #1]  152.9s wait #190
[8774 #1]  153.4s evaluate scroll #191
[8774 #1]  153.5s wait #191
[8774 #1]  154.0s evaluate scroll #192
[8774 #1]  154.0s wait #192
[8774 #1]  154.5s evaluate scroll #193
[8774 #1]  154.6s wait #193
[8774 #1]  155.1s evaluate scroll #194
[8774 #1]  155.2s wait #194
[8774 #1]  155.7s evaluate scroll #195
[8774 #1]  155.9s wait #195
[8774 #1]  156.4s evaluate scroll #196
[8774 #1]  156.4s wait #196
[8774 #1]  156.9s evaluate scroll #197
[8774 #1]  157.0s wait #197
[8774 #1]  157.5s evaluate scroll #198
[8774 #1]  157.6s wait #198
[8774 #1]  158.1s evaluate scroll #199
[8774 #1]  158.2s wait #199
[8774 #1]  158.7s evaluate scroll #200
[8774 #1]  158.8s wait #200
[8774 #1]  159.3s goto https://github.com/explore
[8774 #1]  163.8s loaded
[8774 #1]  163.8s evaluate scroll #201
[8774 #1]  164.9s wait #201
[8774 #1]  165.4s evaluate scroll #202
[8774 #1]  165.6s wait #202
[8774 #1]  166.1s evaluate scroll #203
[8774 #1]  166.3s wait #203
[8774 #1]  166.8s evaluate scroll #204
[8774 #1]  166.9s wait #204
[8774 #1]  167.4s evaluate scroll #205
[8774 #1]  167.6s wait #205
[8774 #1]  168.1s evaluate scroll #206
[8774 #1]  168.1s wait #206
[8774 #1]  168.6s evaluate scroll #207
[8774 #1]  168.7s wait #207
[8774 #1]  169.2s evaluate scroll #208
[8774 #1]  169.4s wait #208
[8774 #1]  169.9s evaluate scroll #209
[8774 #1]  170.1s wait #209
[8774 #1]  170.6s evaluate scroll #210
[8774 #1]  170.7s wait #210
[8774 #1]  171.2s evaluate scroll #211
[8774 #1]  171.3s wait #211
[8774 #1]  171.8s evaluate scroll #212
[8774 #1]  171.9s wait #212
[8774 #1]  172.4s evaluate scroll #213
[8774 #1]  172.5s wait #213
[8774 #1]  173.0s evaluate scroll #214
[8774 #1]  173.1s wait #214
[8774 #1]  173.6s evaluate scroll #215
[8774 #1]  173.7s wait #215
[8774 #1]  174.2s evaluate scroll #216
[8774 #1]  174.3s wait #216
[8774 #1]  174.8s evaluate scroll #217
[8774 #1]  174.9s wait #217
[8774 #1]  175.4s evaluate scroll #218
[8774 #1]  175.5s wait #218
[8774 #1]  176.0s evaluate scroll #219
[8774 #1]  176.1s wait #219
[8774 #1]  176.6s evaluate scroll #220
[8774 #1]  176.7s wait #220
[8774 #1]  177.2s goto https://www.bbc.com/news
[8774 #1]  179.3s loaded
[8774 #1]  179.3s evaluate scroll #221
[8774 #1]  179.9s wait #221
[8774 #1]  180.4s evaluate scroll #222
[8774 #1]  180.6s wait #222
[8774 #1]  181.1s evaluate scroll #223
[8774 #1]  181.4s wait #223
[8774 #1]  181.9s evaluate scroll #224
[8774 #1]  182.1s wait #224
[8774 #1]  182.6s evaluate scroll #225
[8774 #1]  182.8s wait #225
[8774 #1]  183.3s evaluate scroll #226
[8774 #1]  183.7s wait #226
[8774 #1]  184.2s evaluate scroll #227
[8774 #1]  184.7s wait #227
[8774 #1]  185.2s evaluate scroll #228
[8774 #1]  185.4s wait #228
[8774 #1]  185.9s evaluate scroll #229
[8774 #1]  186.0s wait #229
[8774 #1]  186.5s evaluate scroll #230
[8774 #1]  187.6s wait #230
[8774 #1]  188.1s evaluate scroll #231
[8774 #1]  188.4s wait #231
[8774 #1]  188.9s evaluate scroll #232
[152.3s evaluate scroll #175
[8773 #1]  152.4s wait #175
[8773 #1]  152.9s evaluate scroll #176
[8773 #1]  153.0s wait #176
[8773 #1]  153.5s evaluate scroll #177
[8773 #1]  153.6s wait #177
[8773 #1]  154.1s evaluate scroll #178
[8773 #1]  154.2s wait #178
[8773 #1]  154.7s evaluate scroll #179
[8773 #1]  154.8s wait #179
[8773 #1]  155.3s evaluate scroll #180
[8773 #1]  155.4s wait #180
[8773 #1]  155.9s goto https://zh.wikipedia.org/wiki/%E5%8F%B0%E5%8C%97101
[8773 #1]  157.3s loaded
[8773 #1]  157.3s evaluate scroll #181
[8773 #1]  157.6s wait #181
[8773 #1]  158.1s evaluate scroll #182
[8773 #1]  158.2s wait #182
[8773 #1]  158.7s evaluate scroll #183
[8773 #1]  158.8s wait #183
[8773 #1]  159.3s evaluate scroll #184
[8773 #1]  159.4s wait #184
[8773 #1]  159.9s evaluate scroll #185
[8773 #1]  160.0s wait #185
[8773 #1]  160.5s evaluate scroll #186
[8773 #1]  160.6s wait #186
[8773 #1]  161.1s evaluate scroll #187
[8773 #1]  161.3s wait #187
[8773 #1]  161.8s evaluate scroll #188
[8773 #1]  161.9s wait #188
[8773 #1]  162.4s evaluate scroll #189
[8773 #1]  162.7s wait #189
[8773 #1]  163.2s evaluate scroll #190
[8773 #1]  163.3s wait #190
[8773 #1]  163.8s evaluate scroll #191
[8773 #1]  163.9s wait #191
[8773 #1]  164.4s evaluate scroll #192
[8773 #1]  164.6s wait #192
[8773 #1]  165.1s evaluate scroll #193
[8773 #1]  165.1s wait #193
[8773 #1]  165.7s evaluate scroll #194
[8773 #1]  165.8s wait #194
[8773 #1]  166.3s evaluate scroll #195
[8773 #1]  166.5s wait #195
[8773 #1]  167.0s evaluate scroll #196
[8773 #1]  167.1s wait #196
[8773 #1]  167.6s evaluate scroll #197
[8773 #1]  167.7s wait #197
[8773 #1]  168.2s evaluate scroll #198
[8773 #1]  168.3s wait #198
[8773 #1]  168.8s evaluate scroll #199
[8773 #1]  168.9s wait #199
[8773 #1]  169.4s evaluate scroll #200
[8773 #1]  169.6s wait #200
[8773 #1]  170.1s goto https://github.com/explore
[8773 #1]  174.5s loaded
[8773 #1]  174.5s evaluate scroll #201
[8773 #1]  175.7s wait #201
[8773 #1]  176.2s evaluate scroll #202
[8773 #1]  176.3s wait #202
[8773 #1]  176.8s evaluate scroll #203
[8773 #1]  176.9s wait #203
[8773 #1]  177.4s evaluate scroll #204
[8773 #1]  177.5s wait #204
[8773 #1]  178.0s evaluate scroll #205
[8773 #1]  178.1s wait #205
[8773 #1]  178.6s evaluate scroll #206
[8773 #1]  178.7s wait #206
[8773 #1]  179.2s evaluate scroll #207
[8773 #1]  179.3s wait #207
[8773 #1]  179.8s evaluate scroll #208
[8773 #1]  179.9s wait #208
[8773 #1]  180.4s evaluate scroll #209
[8773 #1]  180.5s wait #209
[8773 #1]  181.0s evaluate scroll #210
[8773 #1]  181.1s wait #210
[8773 #1]  181.6s evaluate scroll #211
[8773 #1]  181.7s wait #211
[8773 #1]  182.2s evaluate scroll #212
[8773 #1]  182.3s wait #212
[8773 #1]  182.8s evaluate scroll #213
[8773 #1]  182.9s wait #213
[8773 #1]  183.4s evaluate scroll #214
[8773 #1]  183.5s wait #214
[8773 #1]  184.1s evaluate scroll #215
[8773 #1]  184.1s wait #215
[8773 #1]  184.6s evaluate scroll #216
[8773 #1]  184.7s wait #216
[8773 #1]  185.2s evaluate scroll #217
[8773 #1]  185.4s wait #217
[8773 #1]  185.9s evaluate scroll #218
[8773 #1]  186.0s wait #218
[8773 #1]  186.5s evaluate scroll #219
[8773 #1]  186.8s wait #219
[8773 #1]  187.3s evaluate scroll #220
[8773 #1]  187.8s wait #220
[8773 #1]  188.4s goto https://www.bbc.com/news
[8773 #1]  190.4s loaded
[8773 #1]  190.4s evaluate scroll #221
[8773 #1]  191.0s wait #221
[8773 #1]  191.5s evaluate scroll #222
[8773 #1]  191.6s wait #222
[8773 #1]  192.1s evaluate scroll #223
[8773 #1]  192.4s wait #223
[8773 #1]  192.9s evaluate scroll #224
[8773 #1]  193.7s wait #224
[8773 #1]  194.2s evaluate scroll #225
[8773 #1]  195.4s wait #225
[8773 #1]  195.9s evaluate scroll #226
[8773 #1]  196.2s wait #226
[8773 #1]  196.7s evaluate scroll #227
[8773 #1]  196.9s wait #227
[8773 #1]  197.4s evaluate scroll #228
[8773 #1]  197.7s wait #228
[8773 #1]  198.2s evaluate scroll #229
[8773 #1]  198.3s wait #229
[8773 #1]  198.8s evaluate scroll #230
[8773 #1]  199.0s wait #230
[8773 #1]  199.5s evaluate scroll #231
[8773 #1]  200.0s wait #231
[8773 #1]  200.5s evaluate scroll #232
[8s wait #223
[8772 #1]  185.3s evaluate scroll #224
[8772 #1]  185.5s wait #224
[8772 #1]  186.0s evaluate scroll #225
[8772 #1]  186.4s wait #225
[8772 #1]  186.9s evaluate scroll #226
[8772 #1]  187.1s wait #226
[8772 #1]  187.6s evaluate scroll #227
[8772 #1]  188.2s wait #227
[8772 #1]  188.7s evaluate scroll #228
[8772 #1]  189.2s wait #228
[8772 #1]  189.7s evaluate scroll #229
[8772 #1]  189.8s wait #229
[8772 #1]  190.3s evaluate scroll #230
[8772 #1]  190.4s wait #230
[8772 #1]  190.9s evaluate scroll #231
[8772 #1]  191.1s wait #231
[8772 #1]  191.6s evaluate scroll #232
[8772 #1]  191.8s wait #232
[8772 #1]  192.3s evaluate scroll #233
[8772 #1]  193.0s wait #233
[8772 #1]  193.5s evaluate scroll #234
[8772 #1]  194.0s wait #234
[8772 #1]  194.5s evaluate scroll #235
[8772 #1]  195.2s wait #235
[8772 #1]  195.7s evaluate scroll #236
[8772 #1]  196.7s wait #236
[8772 #1]  197.2s evaluate scroll #237
[8772 #1]  197.4s wait #237
[8772 #1]  197.9s evaluate scroll #238
[8772 #1]  198.4s wait #238
[8772 #1]  198.9s evaluate scroll #239
[8772 #1]  199.1s wait #239
[8772 #1]  199.6s evaluate scroll #240
[8772 #1]  199.7s wait #240
[8772 #1]  200.2s goto https://zh.wikipedia.org/
[8772 #1]  203.1s loaded
[8772 #1]  203.1s evaluate scroll #241
[8772 #1]  203.6s wait #241
[8772 #1]  204.1s evaluate scroll #242
[8772 #1]  204.2s wait #242
[8772 #1]  204.7s evaluate scroll #243
[8772 #1]  204.8s wait #243
[8772 #1]  205.3s evaluate scroll #244
[8772 #1]  205.5s wait #244
[8772 #1]  206.0s evaluate scroll #245
[8772 #1]  206.0s wait #245
[8772 #1]  206.5s evaluate scroll #246
[8772 #1]  206.6s wait #246
[8772 #1]  207.1s evaluate scroll #247
[8772 #1]  207.3s wait #247
[8772 #1]  207.8s evaluate scroll #248
[8772 #1]  207.9s wait #248
[8772 #1]  208.4s evaluate scroll #249
[8772 #1]  208.7s wait #249
[8772 #1]  209.2s evaluate scroll #250
[8772 #1]  209.3s wait #250
[8772 #1]  209.8s evaluate scroll #251
[8772 #1]  209.8s wait #251
[8772 #1]  210.3s evaluate scroll #252
[8772 #1]  210.6s wait #252
[8772 #1]  211.1s evaluate scroll #253
[8772 #1]  211.2s wait #253
[8772 #1]  211.7s evaluate scroll #254
[8772 #1]  211.8s wait #254
[8772 #1]  212.3s evaluate scroll #255
[8772 #1]  212.3s wait #255
[8772 #1]  212.8s evaluate scroll #256
[8772 #1]  212.9s wait #256
[8772 #1]  213.4s evaluate scroll #257
[8772 #1]  213.5s wait #257
[8772 #1]  214.0s evaluate scroll #258
[8772 #1]  214.3s wait #258
[8772 #1]  214.8s evaluate scroll #259
[8772 #1]  215.7s wait #259
[8772 #1]  216.2s evaluate scroll #260
[8772 #1]  217.0s wait #260
[8772 #1]  217.5s goto https://zh.wikipedia.org/wiki/%E5%8F%B0%E5%8C%97101
[8772 #1]  219.9s loaded
[8772 #1]  219.9s evaluate scroll #261
[8772 #1]  223.9s wait #261
[8772 #1]  224.4s evaluate scroll #262
[8772 #1]  225.4s wait #262
[8772 #1]  225.9s evaluate scroll #263
[8772 #1]  226.4s wait #263
[8772 #1]  226.9s evaluate scroll #264
[8772 #1]  227.3s wait #264
[8772 #1]  227.8s evaluate scroll #265
[8772 #1]  228.6s wait #265
[8772 #1]  229.1s evaluate scroll #266
[8772 #1]  229.6s wait #266
[8772 #1]  230.1s evaluate scroll #267
[8772 #1]  230.6s wait #267
[8772 #1]  231.1s evaluate scroll #268
[8772 #1]  231.7s wait #268
[8772 #1]  232.2s evaluate scroll #269
[8772 #1]  233.1s wait #269
[8772 #1]  233.6s evaluate scroll #270
[8772 #1]  234.3s wait #270
[8772 #1]  234.8s evaluate scroll #271
[8772 #1]  235.4s wait #271
[8772 #1]  235.9s evaluate scroll #272
[8772 #1]  236.8s wait #272
[8772 #1]  237.3s evaluate scroll #273
[8772 #1]  238.2s wait #273
[8772 #1]  238.7s evaluate scroll #274
[8772 #1]  239.4s wait #274
[8772 #1]  239.9s evaluate scroll #275
[8772 #1]  240.6s wait #275
[8772 #1]  241.1s evaluate scroll #276
[8772 #1]  241.9s wait #276
[8772 #1]  242.4s evaluate scroll #277
[8772 #1]  242.5s wait #277
[8772 #1]  243.0s evaluate scroll #278
[8772 #1]  243.1s wait #278
[8772 #1]  243.6s evaluate scroll #279
[8772 #1]  243.7s wait #279
[8772 #1]  244.3s evaluate scroll #280
[8772 #1]  244.3s wait #280
[8772 #1]  244.8s goto https://github.com/explore
[8772 #1]  249.3s loaded
[8772 #1]  249.2s wait #223
[8771 #1]  186.7s evaluate scroll #224
[8771 #1]  186.9s wait #224
[8771 #1]  187.4s evaluate scroll #225
[8771 #1]  188.2s wait #225
[8771 #1]  188.7s evaluate scroll #226
[8771 #1]  189.4s wait #226
[8771 #1]  189.9s evaluate scroll #227
[8771 #1]  190.3s wait #227
[8771 #1]  190.8s evaluate scroll #228
[8771 #1]  190.9s wait #228
[8771 #1]  191.4s evaluate scroll #229
[8771 #1]  191.6s wait #229
[8771 #1]  192.1s evaluate scroll #230
[8771 #1]  192.4s wait #230
[8771 #1]  192.9s evaluate scroll #231
[8771 #1]  193.6s wait #231
[8771 #1]  194.1s evaluate scroll #232
[8771 #1]  194.7s wait #232
[8771 #1]  195.2s evaluate scroll #233
[8771 #1]  195.8s wait #233
[8771 #1]  196.3s evaluate scroll #234
[8771 #1]  196.9s wait #234
[8771 #1]  197.4s evaluate scroll #235
[8771 #1]  197.5s wait #235
[8771 #1]  198.0s evaluate scroll #236
[8771 #1]  198.1s wait #236
[8771 #1]  198.6s evaluate scroll #237
[8771 #1]  198.7s wait #237
[8771 #1]  199.2s evaluate scroll #238
[8771 #1]  199.3s wait #238
[8771 #1]  199.8s evaluate scroll #239
[8771 #1]  200.4s wait #239
[8771 #1]  200.9s evaluate scroll #240
[8771 #1]  201.6s wait #240
[8771 #1]  202.1s goto https://zh.wikipedia.org/
[8771 #1]  204.2s loaded
[8771 #1]  204.2s evaluate scroll #241
[8771 #1]  204.6s wait #241
[8771 #1]  205.1s evaluate scroll #242
[8771 #1]  205.2s wait #242
[8771 #1]  205.7s evaluate scroll #243
[8771 #1]  205.8s wait #243
[8771 #1]  206.3s evaluate scroll #244
[8771 #1]  206.4s wait #244
[8771 #1]  206.9s evaluate scroll #245
[8771 #1]  207.1s wait #245
[8771 #1]  207.6s evaluate scroll #246
[8771 #1]  207.7s wait #246
[8771 #1]  208.2s evaluate scroll #247
[8771 #1]  208.4s wait #247
[8771 #1]  208.9s evaluate scroll #248
[8771 #1]  209.0s wait #248
[8771 #1]  209.5s evaluate scroll #249
[8771 #1]  209.6s wait #249
[8771 #1]  210.1s evaluate scroll #250
[8771 #1]  210.3s wait #250
[8771 #1]  210.8s evaluate scroll #251
[8771 #1]  211.0s wait #251
[8771 #1]  211.5s evaluate scroll #252
[8771 #1]  211.5s wait #252
[8771 #1]  212.0s evaluate scroll #253
[8771 #1]  212.1s wait #253
[8771 #1]  212.6s evaluate scroll #254
[8771 #1]  212.7s wait #254
[8771 #1]  213.2s evaluate scroll #255
[8771 #1]  213.2s wait #255
[8771 #1]  213.7s evaluate scroll #256
[8771 #1]  214.0s wait #256
[8771 #1]  214.5s evaluate scroll #257
[8771 #1]  215.5s wait #257
[8771 #1]  216.0s evaluate scroll #258
[8771 #1]  216.8s wait #258
[8771 #1]  217.3s evaluate scroll #259
[8771 #1]  218.1s wait #259
[8771 #1]  218.6s evaluate scroll #260
[8771 #1]  219.5s wait #260
[8771 #1]  220.0s goto https://zh.wikipedia.org/wiki/%E5%8F%B0%E5%8C%97101
[8771 #1]  221.8s loaded
[8771 #1]  221.8s evaluate scroll #261
[8771 #1]  224.4s wait #261
[8771 #1]  224.9s evaluate scroll #262
[8771 #1]  225.9s wait #262
[8771 #1]  226.5s evaluate scroll #263
[8771 #1]  227.0s wait #263
[8771 #1]  227.5s evaluate scroll #264
[8771 #1]  228.3s wait #264
[8771 #1]  228.8s evaluate scroll #265
[8771 #1]  229.3s wait #265
[8771 #1]  229.8s evaluate scroll #266
[8771 #1]  230.3s wait #266
[8771 #1]  230.8s evaluate scroll #267
[8771 #1]  231.4s wait #267
[8771 #1]  231.9s evaluate scroll #268
[8771 #1]  232.8s wait #268
[8771 #1]  233.3s evaluate scroll #269
[8771 #1]  234.1s wait #269
[8771 #1]  234.6s evaluate scroll #270
[8771 #1]  235.2s wait #270
[8771 #1]  235.7s evaluate scroll #271
[8771 #1]  236.2s wait #271
[8771 #1]  236.7s evaluate scroll #272
[8771 #1]  237.6s wait #272
[8771 #1]  238.1s evaluate scroll #273
[8771 #1]  238.8s wait #273
[8771 #1]  239.3s evaluate scroll #274
[8771 #1]  240.0s wait #274
[8771 #1]  240.5s evaluate scroll #275
[8771 #1]  241.3s wait #275
[8771 #1]  241.8s evaluate scroll #276
[8771 #1]  242.2s wait #276
[8771 #1]  242.7s evaluate scroll #277
[8771 #1]  242.8s wait #277
[8771 #1]  243.3s evaluate scroll #278
[8771 #1]  243.4s wait #278
[8771 #1]  243.9s evaluate scroll #279
[8771 #1]  244.0s wait #279
[8771 #1]  244.5s evaluate scroll #280
[8771 #1]  244.6s wait #280
[8771 #1]  245.1s goto https://github.com/explore
[8771 #1]  249.9s loaded
[8771 #1]  249.8774 #1]  189.0s wait #232
[8774 #1]  189.5s evaluate scroll #233
[8774 #1]  189.8s wait #233
[8774 #1]  190.4s evaluate scroll #234
[8774 #1]  190.5s wait #234
[8774 #1]  191.0s evaluate scroll #235
[8774 #1]  191.1s wait #235
[8774 #1]  191.6s evaluate scroll #236
[8774 #1]  192.0s wait #236
[8774 #1]  192.5s evaluate scroll #237
[8774 #1]  192.7s wait #237
[8774 #1]  193.2s evaluate scroll #238
[8774 #1]  193.8s wait #238
[8774 #1]  194.3s evaluate scroll #239
[8774 #1]  194.8s wait #239
[8774 #1]  195.3s evaluate scroll #240
[8774 #1]  195.9s wait #240
[8774 #1]  196.4s goto https://zh.wikipedia.org/
[8774 #1]  198.3s loaded
[8774 #1]  198.3s evaluate scroll #241
[8774 #1]  198.8s wait #241
[8774 #1]  199.3s evaluate scroll #242
[8774 #1]  199.7s wait #242
[8774 #1]  200.2s evaluate scroll #243
[8774 #1]  200.9s wait #243
[8774 #1]  201.4s evaluate scroll #244
[8774 #1]  201.7s wait #244
[8774 #1]  202.2s evaluate scroll #245
[8774 #1]  202.3s wait #245
[8774 #1]  202.8s evaluate scroll #246
[8774 #1]  202.9s wait #246
[8774 #1]  203.4s evaluate scroll #247
[8774 #1]  203.4s wait #247
[8774 #1]  203.9s evaluate scroll #248
[8774 #1]  204.1s wait #248
[8774 #1]  204.6s evaluate scroll #249
[8774 #1]  204.7s wait #249
[8774 #1]  205.2s evaluate scroll #250
[8774 #1]  205.3s wait #250
[8774 #1]  205.8s evaluate scroll #251
[8774 #1]  205.9s wait #251
[8774 #1]  206.4s evaluate scroll #252
[8774 #1]  206.4s wait #252
[8774 #1]  207.0s evaluate scroll #253
[8774 #1]  207.3s wait #253
[8774 #1]  207.8s evaluate scroll #254
[8774 #1]  208.0s wait #254
[8774 #1]  208.5s evaluate scroll #255
[8774 #1]  208.6s wait #255
[8774 #1]  209.1s evaluate scroll #256
[8774 #1]  209.3s wait #256
[8774 #1]  209.8s evaluate scroll #257
[8774 #1]  209.9s wait #257
[8774 #1]  210.4s evaluate scroll #258
[8774 #1]  210.5s wait #258
[8774 #1]  211.0s evaluate scroll #259
[8774 #1]  211.0s wait #259
[8774 #1]  211.5s evaluate scroll #260
[8774 #1]  211.6s wait #260
[8774 #1]  212.1s goto https://zh.wikipedia.org/wiki/%E5%8F%B0%E5%8C%97101
[8774 #1]  213.5s loaded
[8774 #1]  213.5s evaluate scroll #261
[8774 #1]  215.2s wait #261
[8774 #1]  215.7s evaluate scroll #262
[8774 #1]  216.4s wait #262
[8774 #1]  216.9s evaluate scroll #263
[8774 #1]  217.7s wait #263
[8774 #1]  218.2s evaluate scroll #264
[8774 #1]  218.8s wait #264
[8774 #1]  219.3s evaluate scroll #265
[8774 #1]  221.1s wait #265
[8774 #1]  221.6s evaluate scroll #266
[8774 #1]  222.9s wait #266
[8774 #1]  223.4s evaluate scroll #267
[8774 #1]  224.5s wait #267
[8774 #1]  225.0s evaluate scroll #268
[8774 #1]  225.3s wait #268
[8774 #1]  225.8s evaluate scroll #269
[8774 #1]  226.3s wait #269
[8774 #1]  226.8s evaluate scroll #270
[8774 #1]  227.5s wait #270
[8774 #1]  228.0s evaluate scroll #271
[8774 #1]  228.5s wait #271
[8774 #1]  229.0s evaluate scroll #272
[8774 #1]  229.5s wait #272
[8774 #1]  230.0s evaluate scroll #273
[8774 #1]  230.6s wait #273
[8774 #1]  231.2s evaluate scroll #274
[8774 #1]  232.0s wait #274
[8774 #1]  232.5s evaluate scroll #275
[8774 #1]  233.2s wait #275
[8774 #1]  233.7s evaluate scroll #276
[8774 #1]  234.3s wait #276
[8774 #1]  234.8s evaluate scroll #277
[8774 #1]  235.7s wait #277
[8774 #1]  236.2s evaluate scroll #278
[8774 #1]  237.0s wait #278
[8774 #1]  237.5s evaluate scroll #279
[8774 #1]  238.2s wait #279
[8774 #1]  238.7s evaluate scroll #280
[8774 #1]  239.4s wait #280
[8774 #1]  239.9s goto https://github.com/explore
[8774 #1]  245.3s loaded
[8774 #1]  245.3s evaluate scroll #281
[8774 #1]  246.6s wait #281
[8774 #1]  247.1s evaluate scroll #282
[8774 #1]  247.4s wait #282
[8774 #1]  247.9s evaluate scroll #283
[8774 #1]  248.0s wait #283
[8774 #1]  248.5s evaluate scroll #284
[8774 #1]  248.5s wait #284
[8774 #1]  249.0s evaluate scroll #285
[8774 #1]  249.2s wait #285
[8774 #1]  249.7s evaluate scroll #286
[8774 #1]  249.8s wait #286
[8774 #1]  250.3s evaluate scroll #287
[8774 #1]  250.4s wait #287
[8774 #1]  250.9s evaluate scroll #288
[8774 #1]  251.0s wait #288
[8774 #1]  251.5s evaluate scroll #289
[8774 #1]  251.5s wait #289
[8773 #1]  201.1s wait #232
[8773 #1]  201.6s evaluate scroll #233
[8773 #1]  201.8s wait #233
[8773 #1]  202.4s evaluate scroll #234
[8773 #1]  202.4s wait #234
[8773 #1]  202.9s evaluate scroll #235
[8773 #1]  203.2s wait #235
[8773 #1]  203.7s evaluate scroll #236
[8773 #1]  203.7s wait #236
[8773 #1]  204.2s evaluate scroll #237
[8773 #1]  204.4s wait #237
[8773 #1]  204.9s evaluate scroll #238
[8773 #1]  204.9s wait #238
[8773 #1]  205.4s evaluate scroll #239
[8773 #1]  205.5s wait #239
[8773 #1]  206.0s evaluate scroll #240
[8773 #1]  206.2s wait #240
[8773 #1]  206.7s goto https://zh.wikipedia.org/
[8773 #1]  208.4s loaded
[8773 #1]  208.4s evaluate scroll #241
[8773 #1]  208.7s wait #241
[8773 #1]  209.2s evaluate scroll #242
[8773 #1]  209.3s wait #242
[8773 #1]  209.8s evaluate scroll #243
[8773 #1]  209.8s wait #243
[8773 #1]  210.3s evaluate scroll #244
[8773 #1]  210.5s wait #244
[8773 #1]  211.0s evaluate scroll #245
[8773 #1]  211.1s wait #245
[8773 #1]  211.6s evaluate scroll #246
[8773 #1]  211.7s wait #246
[8773 #1]  212.2s evaluate scroll #247
[8773 #1]  212.3s wait #247
[8773 #1]  212.8s evaluate scroll #248
[8773 #1]  212.9s wait #248
[8773 #1]  213.4s evaluate scroll #249
[8773 #1]  213.6s wait #249
[8773 #1]  214.1s evaluate scroll #250
[8773 #1]  215.0s wait #250
[8773 #1]  215.6s evaluate scroll #251
[8773 #1]  216.2s wait #251
[8773 #1]  216.7s evaluate scroll #252
[8773 #1]  217.5s wait #252
[8773 #1]  218.0s evaluate scroll #253
[8773 #1]  218.9s wait #253
[8773 #1]  219.4s evaluate scroll #254
[8773 #1]  221.3s wait #254
[8773 #1]  221.8s evaluate scroll #255
[8773 #1]  223.1s wait #255
[8773 #1]  223.6s evaluate scroll #256
[8773 #1]  224.7s wait #256
[8773 #1]  225.2s evaluate scroll #257
[8773 #1]  225.5s wait #257
[8773 #1]  226.0s evaluate scroll #258
[8773 #1]  226.4s wait #258
[8773 #1]  226.9s evaluate scroll #259
[8773 #1]  227.7s wait #259
[8773 #1]  228.2s evaluate scroll #260
[8773 #1]  229.0s wait #260
[8773 #1]  229.5s goto https://zh.wikipedia.org/wiki/%E5%8F%B0%E5%8C%97101
[8773 #1]  231.7s loaded
[8773 #1]  231.7s evaluate scroll #261
[8773 #1]  233.3s wait #261
[8773 #1]  233.8s evaluate scroll #262
[8773 #1]  234.4s wait #262
[8773 #1]  234.9s evaluate scroll #263
[8773 #1]  235.8s wait #263
[8773 #1]  236.3s evaluate scroll #264
[8773 #1]  237.2s wait #264
[8773 #1]  237.7s evaluate scroll #265
[8773 #1]  238.4s wait #265
[8773 #1]  238.9s evaluate scroll #266
[8773 #1]  239.6s wait #266
[8773 #1]  240.1s evaluate scroll #267
[8773 #1]  240.9s wait #267
[8773 #1]  241.4s evaluate scroll #268
[8773 #1]  241.5s wait #268
[8773 #1]  242.0s evaluate scroll #269
[8773 #1]  242.1s wait #269
[8773 #1]  242.6s evaluate scroll #270
[8773 #1]  242.7s wait #270
[8773 #1]  243.2s evaluate scroll #271
[8773 #1]  243.3s wait #271
[8773 #1]  243.8s evaluate scroll #272
[8773 #1]  243.8s wait #272
[8773 #1]  244.3s evaluate scroll #273
[8773 #1]  244.4s wait #273
[8773 #1]  244.9s evaluate scroll #274
[8773 #1]  245.1s wait #274
[8773 #1]  245.6s evaluate scroll #275
[8773 #1]  245.9s wait #275
[8773 #1]  246.4s evaluate scroll #276
[8773 #1]  246.8s wait #276
[8773 #1]  247.3s evaluate scroll #277
[8773 #1]  247.6s wait #277
[8773 #1]  248.1s evaluate scroll #278
[8773 #1]  248.2s wait #278
[8773 #1]  248.7s evaluate scroll #279
[8773 #1]  248.8s wait #279
[8773 #1]  249.3s evaluate scroll #280
[8773 #1]  249.4s wait #280
[8773 #1]  249.9s goto https://github.com/explore
[8773 #1]  254.3s loaded
[8773 #1]  254.3s evaluate scroll #281
[8773 #1]  256.4s wait #281
[8773 #1]  256.9s evaluate scroll #282
[8773 #1]  257.0s wait #282
[8773 #1]  257.5s evaluate scroll #283
[8773 #1]  257.7s wait #283
[8773 #1]  258.2s evaluate scroll #284
[8773 #1]  258.4s wait #284
[8773 #1]  258.9s evaluate scroll #285
[8773 #1]  259.0s wait #285
[8773 #1]  259.6s evaluate scroll #286
[8773 #1]  259.8s wait #286
[8773 #1]  260.3s evaluate scroll #287
[8773 #1]  264.4s wait #287
[8773 #1]  264.9s evaluate scroll #288
[8773 #1]  268.2s wait #288
[8773 #1]  268.7s evaluate scroll #289
[8773 #1]  269.6s wait #289
[3s evaluate scroll #281
[8772 #1]  250.6s wait #281
[8772 #1]  251.1s evaluate scroll #282
[8772 #1]  251.6s wait #282
[8772 #1]  252.1s evaluate scroll #283
[8772 #1]  252.2s wait #283
[8772 #1]  252.7s evaluate scroll #284
[8772 #1]  253.2s wait #284
[8772 #1]  253.7s evaluate scroll #285
[8772 #1]  254.7s wait #285
[8772 #1]  255.2s evaluate scroll #286
[8772 #1]  255.9s wait #286
[8772 #1]  256.4s evaluate scroll #287
[8772 #1]  257.2s wait #287
[8772 #1]  257.7s evaluate scroll #288
[8772 #1]  257.8s wait #288
[8772 #1]  258.3s evaluate scroll #289
[8772 #1]  258.4s wait #289
[8772 #1]  258.9s evaluate scroll #290
[8772 #1]  259.1s wait #290
[8772 #1]  259.6s evaluate scroll #291
[8772 #1]  259.9s wait #291
[8772 #1]  260.4s evaluate scroll #292
[8772 #1]  260.5s wait #292
[8772 #1]  261.0s evaluate scroll #293
[8772 #1]  261.1s wait #293
[8772 #1]  261.6s evaluate scroll #294
[8772 #1]  263.2s wait #294
[8772 #1]  263.7s evaluate scroll #295
[8772 #1]  268.7s wait #295
[8772 #1]  269.2s evaluate scroll #296
[8772 #1]  269.8s wait #296
[8772 #1]  270.3s evaluate scroll #297
[8772 #1]  271.1s wait #297
[8772 #1]  271.6s evaluate scroll #298
[8772 #1]  271.8s wait #298
[8772 #1]  272.3s evaluate scroll #299
[8772 #1]  272.5s wait #299
[8772 #1]  273.0s evaluate scroll #300
[8772 #1]  273.1s wait #300
[8772 #1]  273.6s goto https://www.bbc.com/news
[8772 #1]  275.7s loaded
[8772 #1]  275.7s evaluate scroll #301
[8772 #1]  276.4s wait #301
[8772 #1]  276.9s evaluate scroll #302
[8772 #1]  277.1s wait #302
[8772 #1]  277.6s evaluate scroll #303
[8772 #1]  277.7s wait #303
[8772 #1]  278.2s evaluate scroll #304
[8772 #1]  278.7s wait #304
[8772 #1]  279.2s evaluate scroll #305
[8772 #1]  279.4s wait #305
[8772 #1]  279.9s evaluate scroll #306
[8772 #1]  280.1s wait #306
[8772 #1]  280.6s evaluate scroll #307
[8772 #1]  281.3s wait #307
[8772 #1]  281.8s evaluate scroll #308
[8772 #1]  282.8s wait #308
[8772 #1]  283.3s evaluate scroll #309
[8772 #1]  284.0s wait #309
[8772 #1]  284.5s evaluate scroll #310
[8772 #1]  284.6s wait #310
[8772 #1]  285.1s evaluate scroll #311
[8772 #1]  286.1s wait #311
[8772 #1]  286.6s evaluate scroll #312
[8772 #1]  294.7s wait #312
[8772 #1]  295.2s evaluate scroll #313
[8772 #1]  296.0s wait #313
[8772 #1]  296.5s evaluate scroll #314
[8772 #1]  296.9s wait #314
[8772 #1]  297.4s evaluate scroll #315
[8772 #1]  298.1s wait #315
[8772 #1]  298.6s evaluate scroll #316
[8772 #1]  299.2s wait #316
[8772 #1]  299.7s evaluate scroll #317
[8772 #1]  299.9s wait #317
[8772 #1] RESULT OK 01M43MMEZ1XPTMYDW6RQRDGQ2A 
9s evaluate scroll #281
[8771 #1]  251.0s wait #281
[8771 #1]  251.5s evaluate scroll #282
[8771 #1]  251.7s wait #282
[8771 #1]  252.2s evaluate scroll #283
[8771 #1]  252.2s wait #283
[8771 #1]  252.7s evaluate scroll #284
[8771 #1]  253.3s wait #284
[8771 #1]  253.8s evaluate scroll #285
[8771 #1]  254.7s wait #285
[8771 #1]  255.2s evaluate scroll #286
[8771 #1]  255.9s wait #286
[8771 #1]  256.4s evaluate scroll #287
[8771 #1]  257.0s wait #287
[8771 #1]  257.5s evaluate scroll #288
[8771 #1]  257.6s wait #288
[8771 #1]  258.1s evaluate scroll #289
[8771 #1]  258.1s wait #289
[8771 #1]  258.6s evaluate scroll #290
[8771 #1]  258.9s wait #290
[8771 #1]  259.4s evaluate scroll #291
[8771 #1]  259.6s wait #291
[8771 #1]  260.1s evaluate scroll #292
[8771 #1]  260.3s wait #292
[8771 #1]  260.8s evaluate scroll #293
[8771 #1]  260.9s wait #293
[8771 #1]  261.4s evaluate scroll #294
[8771 #1]  267.3s wait #294
[8771 #1]  267.8s evaluate scroll #295
[8771 #1]  268.6s wait #295
[8771 #1]  269.1s evaluate scroll #296
[8771 #1]  270.0s wait #296
[8771 #1]  270.5s evaluate scroll #297
[8771 #1]  271.2s wait #297
[8771 #1]  271.7s evaluate scroll #298
[8771 #1]  271.8s wait #298
[8771 #1]  272.3s evaluate scroll #299
[8771 #1]  272.4s wait #299
[8771 #1]  272.9s evaluate scroll #300
[8771 #1]  273.1s wait #300
[8771 #1]  273.6s goto https://www.bbc.com/news
[8771 #1]  275.7s loaded
[8771 #1]  275.7s evaluate scroll #301
[8771 #1]  276.3s wait #301
[8771 #1]  276.8s evaluate scroll #302
[8771 #1]  277.0s wait #302
[8771 #1]  277.5s evaluate scroll #303
[8771 #1]  277.9s wait #303
[8771 #1]  278.4s evaluate scroll #304
[8771 #1]  278.7s wait #304
[8771 #1]  279.2s evaluate scroll #305
[8771 #1]  279.5s wait #305
[8771 #1]  280.0s evaluate scroll #306
[8771 #1]  280.7s wait #306
[8771 #1]  281.2s evaluate scroll #307
[8771 #1]  282.6s wait #307
[8771 #1]  283.1s evaluate scroll #308
[8771 #1]  283.8s wait #308
[8771 #1]  284.3s evaluate scroll #309
[8771 #1]  284.5s wait #309
[8771 #1]  285.0s evaluate scroll #310
[8771 #1]  285.7s wait #310
[8771 #1]  286.2s evaluate scroll #311
[8771 #1]  287.8s wait #311
[8771 #1]  288.3s evaluate scroll #312
[8771 #1]  293.2s wait #312
[8771 #1]  293.7s evaluate scroll #313
[8771 #1]  294.0s wait #313
[8771 #1]  294.5s evaluate scroll #314
[8771 #1]  295.0s wait #314
[8771 #1]  295.5s evaluate scroll #315
[8771 #1]  296.0s wait #315
[8771 #1]  296.5s evaluate scroll #316
[8771 #1]  297.0s wait #316
[8771 #1]  297.5s evaluate scroll #317
[8771 #1]  297.9s wait #317
[8771 #1]  298.4s evaluate scroll #318
[8771 #1]  298.7s wait #318
[8771 #1]  299.2s evaluate scroll #319
[8771 #1]  299.5s wait #319
[8771 #1]  300.0s evaluate scroll #320
[8771 #1]  300.3s wait #320
[8771 #1] RESULT OK 01M43MMF0A4WY24M4FA3D2CQX1 
8774 #1]  252.0s evaluate scroll #290
[8774 #1]  252.7s wait #290
[8774 #1]  253.2s evaluate scroll #291
[8774 #1]  254.0s wait #291
[8774 #1]  254.5s evaluate scroll #292
[8774 #1]  255.4s wait #292
[8774 #1]  255.9s evaluate scroll #293
[8774 #1]  256.1s wait #293
[8774 #1]  256.6s evaluate scroll #294
[8774 #1]  256.7s wait #294
[8774 #1]  257.2s evaluate scroll #295
[8774 #1]  257.3s wait #295
[8774 #1]  257.8s evaluate scroll #296
[8774 #1]  258.0s wait #296
[8774 #1]  258.5s evaluate scroll #297
[8774 #1]  258.7s wait #297
[8774 #1]  259.2s evaluate scroll #298
[8774 #1]  259.3s wait #298
[8774 #1]  259.8s evaluate scroll #299
[8774 #1]  259.9s wait #299
[8774 #1]  260.4s evaluate scroll #300
[8774 #1]  269.9s wait #300
[8774 #1]  270.4s goto https://www.bbc.com/news
[8774 #1]  272.6s loaded
[8774 #1]  272.6s evaluate scroll #301
[8774 #1]  273.2s wait #301
[8774 #1]  273.7s evaluate scroll #302
[8774 #1]  273.9s wait #302
[8774 #1]  274.4s evaluate scroll #303
[8774 #1]  274.7s wait #303
[8774 #1]  275.2s evaluate scroll #304
[8774 #1]  275.4s wait #304
[8774 #1]  275.9s evaluate scroll #305
[8774 #1]  276.2s wait #305
[8774 #1]  276.7s evaluate scroll #306
[8774 #1]  276.9s wait #306
[8774 #1]  277.4s evaluate scroll #307
[8774 #1]  277.5s wait #307
[8774 #1]  278.0s evaluate scroll #308
[8774 #1]  278.6s wait #308
[8774 #1]  279.1s evaluate scroll #309
[8774 #1]  279.7s wait #309
[8774 #1]  280.2s evaluate scroll #310
[8774 #1]  281.7s wait #310
[8774 #1]  282.2s evaluate scroll #311
[8774 #1]  282.8s wait #311
[8774 #1]  283.3s evaluate scroll #312
[8774 #1]  283.4s wait #312
[8774 #1]  283.9s evaluate scroll #313
[8774 #1]  284.1s wait #313
[8774 #1]  284.6s evaluate scroll #314
[8774 #1]  286.1s wait #314
[8774 #1]  286.6s evaluate scroll #315
[8774 #1]  292.3s wait #315
[8774 #1]  292.8s evaluate scroll #316
[8774 #1]  293.0s wait #316
[8774 #1]  293.5s evaluate scroll #317
[8774 #1]  293.9s wait #317
[8774 #1]  294.4s evaluate scroll #318
[8774 #1]  295.1s wait #318
[8774 #1]  295.6s evaluate scroll #319
[8774 #1]  296.0s wait #319
[8774 #1]  296.5s evaluate scroll #320
[8774 #1]  296.9s wait #320
[8774 #1]  297.4s goto https://zh.wikipedia.org/
[8774 #1]  298.7s loaded
[8774 #1]  298.7s evaluate scroll #321
[8774 #1]  299.8s wait #321
[8774 #1] RESULT OK 01M43MMEYWQV8A316SS502VCZ2 
8773 #1]  270.1s evaluate scroll #290
[8773 #1]  270.6s wait #290
[8773 #1]  271.1s evaluate scroll #291
[8773 #1]  271.3s wait #291
[8773 #1]  271.8s evaluate scroll #292
[8773 #1]  271.9s wait #292
[8773 #1]  272.4s evaluate scroll #293
[8773 #1]  272.5s wait #293
[8773 #1]  273.0s evaluate scroll #294
[8773 #1]  273.1s wait #294
[8773 #1]  273.6s evaluate scroll #295
[8773 #1]  273.7s wait #295
[8773 #1]  274.2s evaluate scroll #296
[8773 #1]  274.3s wait #296
[8773 #1]  274.8s evaluate scroll #297
[8773 #1]  274.9s wait #297
[8773 #1]  275.4s evaluate scroll #298
[8773 #1]  275.6s wait #298
[8773 #1]  276.1s evaluate scroll #299
[8773 #1]  276.3s wait #299
[8773 #1]  276.8s evaluate scroll #300
[8773 #1]  276.9s wait #300
[8773 #1]  277.4s goto https://www.bbc.com/news
[8773 #1]  279.7s loaded
[8773 #1]  279.7s evaluate scroll #301
[8773 #1]  283.0s wait #301
[8773 #1]  283.5s evaluate scroll #302
[8773 #1]  284.0s wait #302
[8773 #1]  284.5s evaluate scroll #303
[8773 #1]  286.2s wait #303
[8773 #1]  286.7s evaluate scroll #304
[8773 #1]  292.6s wait #304
[8773 #1]  293.1s evaluate scroll #305
[8773 #1]  293.4s wait #305
[8773 #1]  293.9s evaluate scroll #306
[8773 #1]  294.6s wait #306
[8773 #1]  295.1s evaluate scroll #307
[8773 #1]  295.3s wait #307
[8773 #1]  295.8s evaluate scroll #308
[8773 #1]  296.3s wait #308
[8773 #1]  296.8s evaluate scroll #309
[8773 #1]  297.2s wait #309
[8773 #1]  297.7s evaluate scroll #310
[8773 #1]  298.2s wait #310
[8773 #1]  298.7s evaluate scroll #311
[8773 #1]  299.1s wait #311
[8773 #1]  299.6s evaluate scroll #312
[8773 #1]  299.8s wait #312
[8773 #1] RESULT OK 01M43MMEY1Y326VR6ZZ23SNHDW 
[8771 #2]    0.0s session 01M43MXR32P2EDT2KB9BV954G1 browser wp6_viewport-M5wOn5rphr
[8771 #2]    0.1s liveview opened
[8771 #2] viewer_requested {'ua': 'Mozilla/5.0 (iPhone; CPU iPhone OS 18_7 like Mac OS X) AppleWebKit/605.1.15 (KHTML, like Gecko) Version/26.5 Mobile/15E1'}
[8771 #2] viewer_page_loaded {'sincePageStartMs': 53, 'userAgent': 'Mozilla/5.0 (iPhone; CPU iPhone OS 18_7 like Mac OS X) AppleWebKit/605.1.15 (KHTML, like Gecko) Version/26.5 Mobile/15E148 Safari/604.1', 'secureContext': True}
[8771 #2] viewer_authenticated {'sincePageStartMs': 2201}
[8771 #2]    2.9s cdp connected
[8771 #2]    2.9s goto https://zh.wikipedia.org/
[8771 #2] viewer_connected {'sincePageStartMs': 3555}
[8771 #2]    5.0s loaded
[8771 #2]    5.0s evaluate scroll #1
[8771 #2]    6.3s wait #1
[8771 #2]    6.8s evaluate scroll #2
[8771 #2]    7.3s wait #2
[8771 #2]    7.8s evaluate scroll #3
[8771 #2] viewer_first_frame {'sincePageStartMs': 8300}
[8771 #2]   10.3s wait #3
[8771 #2]   10.8s evaluate scroll #4
[8771 #2]   11.0s wait #4
[8771 #2]   11.5s evaluate scroll #5
[8771 #2]   11.7s wait #5
[8771 #2]   12.2s evaluate scroll #6
[8771 #2]   12.3s wait #6
[8771 #2]   12.8s evaluate scroll #7
[8771 #2]   13.0s wait #7
[8771 #2]   13.5s evaluate scroll #8
[8771 #2]   13.6s wait #8
[8771 #2]   14.2s evaluate scroll #9
[8771 #2]   14.3s wait #9
[8771 #2]   14.8s evaluate scroll #10
[8771 #2]   15.1s wait #10
[8771 #2]   15.6s evaluate scroll #11
[8771 #2]   15.8s wait #11
[8771 #2]   16.3s evaluate scroll #12
[8771 #2]   16.4s wait #12
[8771 #2]   16.9s evaluate scroll #13
[8771 #2]   17.0s wait #13
[8771 #2]   17.5s evaluate scroll #14
[8771 #2]   17.7s wait #14
[8771 #2]   18.2s evaluate scroll #15
[8771 #2]   18.7s wait #15
[8771 #2]   19.2s evaluate scroll #16
[8771 #2]   19.6s wait #16
[8771 #2]   20.1s evaluate scroll #17
[8771 #2]   20.6s wait #17
[8771 #2]   21.1s evaluate scroll #18
[8771 #2]   21.5s wait #18
[8771 #2]   22.0s evaluate scroll #19
[8771 #2]   22.6s wait #19
[8771 #2]   23.1s evaluate scroll #20
[8771 #2]   23.5s wait #20
[8771 #2]   24.0s goto https://zh.wikipedia.org/wiki/%E5%8F%B0%E5%8C%97101
[8771 #2]   26.0s loaded
[8771 #2]   26.0s evaluate scroll #21
[8771 #2]   26.9s wait #21
[8771 #2]   27.4s evaluate scroll #22
[8771 #2]   28.0s wait #22
[8771 #2]   28.5s evaluate scroll #23
[8771 #2]   29.0s wait #23
[8771 #2]   29.5s evaluate scroll #24
[8771 #2]   30.1s wait #24
[8771 #2]   30.6s evaluate scroll #25
[8771 #2]   31.3s wait #25
[8771 #2]   31.8s evaluate scroll #26
[8771 #2]   32.3s wait #26
[8771 #2]   32.8s evaluate scroll #27
[8771 #2]   33.3s wait #27
[8771 #2]   33.8s evaluate scroll #28
[8771 #2]   34.2s wait #28
[8771 #2]   34.7s evaluate scroll #29
[8771 #2]   35.1s wait #29
[8771 #2]   35.6s evaluate scroll #30
[8771 #2]   36.1s wait #30
[8771 #2]   36.6s evaluate scroll #31
[8771 #2]   37.1s wait #31
[8771 #2]   37.6s evaluate scroll #32
[8771 #2]   38.2s wait #32
[8771 #2]   38.7s evaluate scroll #33
[8771 #2]   39.1s wait #33
[8771 #2]   39.6s evaluate scroll #34
[8771 #2]   39.8s wait #34
[8771 #2]   40.3s evaluate scroll #35
[8771 #2]   40.4s wait #35
[8771 #2]   40.9s evaluate scroll #36
[8771 #2]   41.1s wait #36
[8771 #2]   41.6s evaluate scroll #37
[8771 #2]   41.7s wait #37
[8771 #2]   42.2s evaluate scroll #38
[8771 #2]   42.4s wait #38
[8771 #2]   42.9s evaluate scroll #39
[8771 #2]   43.0s wait #39
[8771 #2]   43.5s evaluate scroll #40
[8771 #2]   43.7s wait #40
[8771 #2]   44.2s goto https://github.com/explore
[8771 #2]   49.3s loaded
[8771 #2]   49.3s evaluate scroll #41
[8771 #2]   50.3s wait #41
[8771 #2]   50.8s evaluate scroll #42
[8771 #2]   50.9s wait #42
[8771 #2]   51.4s evaluate scroll #43
[8771 #2]   51.6s wait #43
[8771 #2]   52.1s evaluate scroll #44
[8771 #2]   52.2s wait #44
[8771 #2]   52.7s evaluate scroll #45
[8771 #2]   52.8s wait #45
[8771 #2]   53.3s evaluate scroll #46
[8771 #2]   53.5s wait #46
[8771 #2]   54.0s evaluate scroll #47
[8771 #2]   54.1s wait #47
[8771 #2]   54.6s evaluate scroll #48
[8771 #2]   54.8s wait #48
[8771 #2]   55.3s evaluate scroll #49
[[8772 #2]    0.0s session 01M43MXQY192F2E1FPP2R1PYCX browser wp6_viewport-M5wOn5rphr
[8772 #2]    0.2s liveview opened
[8772 #2] viewer_requested {'ua': 'Mozilla/5.0 (iPhone; CPU iPhone OS 18_7 like Mac OS X) AppleWebKit/605.1.15 (KHTML, like Gecko) Version/26.5 Mobile/15E1'}
[8772 #2] viewer_page_loaded {'sincePageStartMs': 50, 'userAgent': 'Mozilla/5.0 (iPhone; CPU iPhone OS 18_7 like Mac OS X) AppleWebKit/605.1.15 (KHTML, like Gecko) Version/26.5 Mobile/15E148 Safari/604.1', 'secureContext': True}
[8772 #2]    2.9s cdp connected
[8772 #2]    2.9s goto https://zh.wikipedia.org/
[8772 #2] viewer_authenticated {'sincePageStartMs': 2679}
[8772 #2] viewer_connected {'sincePageStartMs': 4001}
[8772 #2]    4.9s loaded
[8772 #2]    4.9s evaluate scroll #1
[8772 #2]    6.3s wait #1
[8772 #2]    6.8s evaluate scroll #2
[8772 #2]    7.3s wait #2
[8772 #2]    7.8s evaluate scroll #3
[8772 #2] viewer_first_frame {'sincePageStartMs': 8949}
[8772 #2]   10.5s wait #3
[8772 #2]   11.0s evaluate scroll #4
[8772 #2]   11.2s wait #4
[8772 #2]   11.8s evaluate scroll #5
[8772 #2]   11.9s wait #5
[8772 #2]   12.4s evaluate scroll #6
[8772 #2]   12.5s wait #6
[8772 #2]   13.0s evaluate scroll #7
[8772 #2]   13.2s wait #7
[8772 #2]   13.7s evaluate scroll #8
[8772 #2]   13.9s wait #8
[8772 #2]   14.4s evaluate scroll #9
[8772 #2]   14.5s wait #9
[8772 #2]   15.0s evaluate scroll #10
[8772 #2]   15.3s wait #10
[8772 #2]   15.8s evaluate scroll #11
[8772 #2]   16.0s wait #11
[8772 #2]   16.5s evaluate scroll #12
[8772 #2]   16.6s wait #12
[8772 #2]   17.1s evaluate scroll #13
[8772 #2]   17.2s wait #13
[8772 #2]   17.7s evaluate scroll #14
[8772 #2]   17.9s wait #14
[8772 #2]   18.4s evaluate scroll #15
[8772 #2]   18.9s wait #15
[8772 #2]   19.4s evaluate scroll #16
[8772 #2]   19.8s wait #16
[8772 #2]   20.3s evaluate scroll #17
[8772 #2]   20.8s wait #17
[8772 #2]   21.3s evaluate scroll #18
[8772 #2]   21.7s wait #18
[8772 #2]   22.2s evaluate scroll #19
[8772 #2]   22.8s wait #19
[8772 #2]   23.3s evaluate scroll #20
[8772 #2]   23.8s wait #20
[8772 #2]   24.3s goto https://zh.wikipedia.org/wiki/%E5%8F%B0%E5%8C%97101
[8772 #2]   26.4s loaded
[8772 #2]   26.4s evaluate scroll #21
[8772 #2]   28.1s wait #21
[8772 #2]   28.6s evaluate scroll #22
[8772 #2]   29.1s wait #22
[8772 #2]   29.6s evaluate scroll #23
[8772 #2]   30.2s wait #23
[8772 #2]   30.7s evaluate scroll #24
[8772 #2]   31.2s wait #24
[8772 #2]   31.7s evaluate scroll #25
[8772 #2]   32.2s wait #25
[8772 #2]   32.7s evaluate scroll #26
[8772 #2]   33.2s wait #26
[8772 #2]   33.7s evaluate scroll #27
[8772 #2]   34.3s wait #27
[8772 #2]   34.8s evaluate scroll #28
[8772 #2]   35.1s wait #28
[8772 #2]   35.6s evaluate scroll #29
[8772 #2]   36.0s wait #29
[8772 #2]   36.5s evaluate scroll #30
[8772 #2]   36.9s wait #30
[8772 #2]   37.4s evaluate scroll #31
[8772 #2]   37.8s wait #31
[8772 #2]   38.3s evaluate scroll #32
[8772 #2]   38.8s wait #32
[8772 #2]   39.3s evaluate scroll #33
[8772 #2]   39.5s wait #33
[8772 #2]   40.0s evaluate scroll #34
[8772 #2]   40.2s wait #34
[8772 #2]   40.7s evaluate scroll #35
[8772 #2]   40.8s wait #35
[8772 #2]   41.3s evaluate scroll #36
[8772 #2]   41.5s wait #36
[8772 #2]   42.0s evaluate scroll #37
[8772 #2]   42.2s wait #37
[8772 #2]   42.7s evaluate scroll #38
[8772 #2]   42.8s wait #38
[8772 #2]   43.3s evaluate scroll #39
[8772 #2]   43.5s wait #39
[8772 #2]   44.0s evaluate scroll #40
[8772 #2]   44.1s wait #40
[8772 #2]   44.6s goto https://github.com/explore
[8772 #2]   50.0s loaded
[8772 #2]   50.0s evaluate scroll #41
[8772 #2]   51.0s wait #41
[8772 #2]   51.5s evaluate scroll #42
[8772 #2]   51.8s wait #42
[8772 #2]   52.3s evaluate scroll #43
[8772 #2]   52.4s wait #43
[8772 #2]   52.9s evaluate scroll #44
[8772 #2]   53.0s wait #44
[8772 #2]   53.5s evaluate scroll #45
[8772 #2]   53.7s wait #45
[8772 #2]   54.2s evaluate scroll #46
[8772 #2]   54.3s wait #46
[8772 #2]   54.8s evaluate scroll #47
[8772 #2]   55.0s wait #47
[8772 #2]   55.5s evaluate scroll #48
[8772 #2]   55.6s wait #48
[8772 #2]   56.1s evaluate scroll #49
[[8774 #2]    0.0s session 01M43MXR9Z49VGZC0DK1RTEXQX browser wp6_viewport-M5wOn5rphr
[8774 #2]    2.5s cdp connected
[8774 #2]    2.5s goto https://zh.wikipedia.org/
[8774 #2]    4.7s loaded
[8774 #2]    4.7s evaluate scroll #1
[8774 #2]    6.0s wait #1
[8774 #2]    6.5s evaluate scroll #2
[8774 #2]    6.9s wait #2
[8774 #2]    7.5s evaluate scroll #3
[8774 #2]    9.6s wait #3
[8774 #2]   10.2s evaluate scroll #4
[8774 #2]   10.3s wait #4
[8774 #2]   10.8s evaluate scroll #5
[8774 #2]   10.9s wait #5
[8774 #2]   11.4s evaluate scroll #6
[8774 #2]   11.6s wait #6
[8774 #2]   12.1s evaluate scroll #7
[8774 #2]   12.2s wait #7
[8774 #2]   12.7s evaluate scroll #8
[8774 #2]   12.8s wait #8
[8774 #2]   13.3s evaluate scroll #9
[8774 #2]   13.5s wait #9
[8774 #2]   14.0s evaluate scroll #10
[8774 #2]   14.1s wait #10
[8774 #2]   14.6s evaluate scroll #11
[8774 #2]   14.7s wait #11
[8774 #2]   15.2s evaluate scroll #12
[8774 #2]   15.3s wait #12
[8774 #2]   15.8s evaluate scroll #13
[8774 #2]   16.0s wait #13
[8774 #2]   16.5s evaluate scroll #14
[8774 #2]   16.7s wait #14
[8774 #2]   17.2s evaluate scroll #15
[8774 #2]   17.6s wait #15
[8774 #2]   18.1s evaluate scroll #16
[8774 #2]   18.5s wait #16
[8774 #2]   19.0s evaluate scroll #17
[8774 #2]   19.4s wait #17
[8774 #2]   19.9s evaluate scroll #18
[8774 #2]   20.5s wait #18
[8774 #2]   21.0s evaluate scroll #19
[8774 #2]   21.5s wait #19
[8774 #2]   22.0s evaluate scroll #20
[8774 #2]   22.5s wait #20
[8774 #2]   23.0s goto https://zh.wikipedia.org/wiki/%E5%8F%B0%E5%8C%97101
[8774 #2]   24.8s loaded
[8774 #2]   24.8s evaluate scroll #21
[8774 #2]   26.0s wait #21
[8774 #2]   26.5s evaluate scroll #22
[8774 #2]   27.3s wait #22
[8774 #2]   27.8s evaluate scroll #23
[8774 #2]   28.2s wait #23
[8774 #2]   28.8s evaluate scroll #24
[8774 #2]   29.4s wait #24
[8774 #2]   29.9s evaluate scroll #25
[8774 #2]   30.3s wait #25
[8774 #2]   30.8s evaluate scroll #26
[8774 #2]   31.4s wait #26
[8774 #2]   31.9s evaluate scroll #27
[8774 #2]   32.4s wait #27
[8774 #2]   32.9s evaluate scroll #28
[8774 #2]   33.5s wait #28
[8774 #2]   34.0s evaluate scroll #29
[8774 #2]   34.3s wait #29
[8774 #2]   34.8s evaluate scroll #30
[8774 #2]   35.2s wait #30
[8774 #2]   35.7s evaluate scroll #31
[8774 #2]   36.2s wait #31
[8774 #2]   36.7s evaluate scroll #32
[8774 #2]   37.1s wait #32
[8774 #2]   37.6s evaluate scroll #33
[8774 #2]   38.1s wait #33
[8774 #2]   38.6s evaluate scroll #34
[8774 #2]   38.8s wait #34
[8774 #2]   39.3s evaluate scroll #35
[8774 #2]   39.4s wait #35
[8774 #2]   39.9s evaluate scroll #36
[8774 #2]   40.0s wait #36
[8774 #2]   40.5s evaluate scroll #37
[8774 #2]   40.7s wait #37
[8774 #2]   41.2s evaluate scroll #38
[8774 #2]   41.3s wait #38
[8774 #2]   41.8s evaluate scroll #39
[8774 #2]   42.0s wait #39
[8774 #2]   42.5s evaluate scroll #40
[8774 #2]   42.6s wait #40
[8774 #2]   43.1s goto https://github.com/explore
[8774 #2]   46.4s loaded
[8774 #2]   46.4s evaluate scroll #41
[8774 #2]   47.4s wait #41
[8774 #2]   47.9s evaluate scroll #42
[8774 #2]   48.0s wait #42
[8774 #2]   48.5s evaluate scroll #43
[8774 #2]   48.7s wait #43
[8774 #2]   49.2s evaluate scroll #44
[8774 #2]   49.3s wait #44
[8774 #2]   49.8s evaluate scroll #45
[8774 #2]   49.9s wait #45
[8774 #2]   50.4s evaluate scroll #46
[8774 #2]   50.5s wait #46
[8774 #2]   51.1s evaluate scroll #47
[8774 #2]   51.2s wait #47
[8774 #2]   51.7s evaluate scroll #48
[8774 #2]   51.8s wait #48
[8774 #2]   52.3s evaluate scroll #49
[8774 #2]   52.5s wait #49
[8774 #2]   53.0s evaluate scroll #50
[8774 #2]   53.1s wait #50
[8774 #2]   53.6s evaluate scroll #51
[8774 #2]   53.7s wait #51
[8774 #2]   54.2s evaluate scroll #52
[8774 #2]   54.5s wait #52
[8774 #2]   55.0s evaluate scroll #53
[8774 #2]   55.1s wait #53
[8774 #2]   55.6s evaluate scroll #54
[8774 #2]   55.7s wait #54
[8774 #2]   56.2s evaluate scroll #55
[8774 #2]   56.3s wait #55
[8774 #2]   56.8s evaluate scroll #56
[8774 #2]   56.9s wait #56
[8774 #2]   57.5s evaluate scroll #57
[8774 #2]   57.6s wait #57
[8774 #2]   58.1s evaluate scroll #58
[8774[8773 #2]    0.0s session 01M43MXR9AX4J5T850G4670H8C browser wp6_viewport-M5wOn5rphr
[8773 #2]    2.8s cdp connected
[8773 #2]    2.8s goto https://zh.wikipedia.org/
[8773 #2]    5.0s loaded
[8773 #2]    5.0s evaluate scroll #1
[8773 #2]    6.2s wait #1
[8773 #2]    6.7s evaluate scroll #2
[8773 #2]    7.2s wait #2
[8773 #2]    7.7s evaluate scroll #3
[8773 #2]    8.3s wait #3
[8773 #2]    8.8s evaluate scroll #4
[8773 #2]    9.0s wait #4
[8773 #2]    9.5s evaluate scroll #5
[8773 #2]    9.7s wait #5
[8773 #2]   10.2s evaluate scroll #6
[8773 #2]   10.4s wait #6
[8773 #2]   10.9s evaluate scroll #7
[8773 #2]   11.0s wait #7
[8773 #2]   11.5s evaluate scroll #8
[8773 #2]   11.7s wait #8
[8773 #2]   12.2s evaluate scroll #9
[8773 #2]   12.3s wait #9
[8773 #2]   12.8s evaluate scroll #10
[8773 #2]   12.9s wait #10
[8773 #2]   13.4s evaluate scroll #11
[8773 #2]   13.5s wait #11
[8773 #2]   14.0s evaluate scroll #12
[8773 #2]   14.2s wait #12
[8773 #2]   14.7s evaluate scroll #13
[8773 #2]   14.8s wait #13
[8773 #2]   15.3s evaluate scroll #14
[8773 #2]   15.4s wait #14
[8773 #2]   15.9s evaluate scroll #15
[8773 #2]   16.0s wait #15
[8773 #2]   16.5s evaluate scroll #16
[8773 #2]   16.7s wait #16
[8773 #2]   17.2s evaluate scroll #17
[8773 #2]   17.4s wait #17
[8773 #2]   17.9s evaluate scroll #18
[8773 #2]   18.2s wait #18
[8773 #2]   18.7s evaluate scroll #19
[8773 #2]   19.1s wait #19
[8773 #2]   19.6s evaluate scroll #20
[8773 #2]   20.0s wait #20
[8773 #2]   20.5s goto https://zh.wikipedia.org/wiki/%E5%8F%B0%E5%8C%97101
[8773 #2]   22.6s loaded
[8773 #2]   22.6s evaluate scroll #21
[8773 #2]   24.0s wait #21
[8773 #2]   24.5s evaluate scroll #22
[8773 #2]   25.2s wait #22
[8773 #2]   25.7s evaluate scroll #23
[8773 #2]   26.1s wait #23
[8773 #2]   26.6s evaluate scroll #24
[8773 #2]   27.0s wait #24
[8773 #2]   27.6s evaluate scroll #25
[8773 #2]   28.3s wait #25
[8773 #2]   28.8s evaluate scroll #26
[8773 #2]   29.2s wait #26
[8773 #2]   29.7s evaluate scroll #27
[8773 #2]   30.4s wait #27
[8773 #2]   30.9s evaluate scroll #28
[8773 #2]   31.4s wait #28
[8773 #2]   31.9s evaluate scroll #29
[8773 #2]   32.4s wait #29
[8773 #2]   32.9s evaluate scroll #30
[8773 #2]   33.4s wait #30
[8773 #2]   33.9s evaluate scroll #31
[8773 #2]   34.3s wait #31
[8773 #2]   34.8s evaluate scroll #32
[8773 #2]   35.2s wait #32
[8773 #2]   35.7s evaluate scroll #33
[8773 #2]   36.2s wait #33
[8773 #2]   36.7s evaluate scroll #34
[8773 #2]   37.2s wait #34
[8773 #2]   37.7s evaluate scroll #35
[8773 #2]   38.3s wait #35
[8773 #2]   38.8s evaluate scroll #36
[8773 #2]   39.2s wait #36
[8773 #2]   39.7s evaluate scroll #37
[8773 #2]   39.9s wait #37
[8773 #2]   40.4s evaluate scroll #38
[8773 #2]   40.6s wait #38
[8773 #2]   41.1s evaluate scroll #39
[8773 #2]   41.2s wait #39
[8773 #2]   41.7s evaluate scroll #40
[8773 #2]   41.8s wait #40
[8773 #2]   42.3s goto https://github.com/explore
[8773 #2]   47.8s loaded
[8773 #2]   47.8s evaluate scroll #41
[8773 #2]   48.9s wait #41
[8773 #2]   49.4s evaluate scroll #42
[8773 #2]   49.5s wait #42
[8773 #2]   50.0s evaluate scroll #43
[8773 #2]   50.4s wait #43
[8773 #2]   50.9s evaluate scroll #44
[8773 #2]   51.0s wait #44
[8773 #2]   51.5s evaluate scroll #45
[8773 #2]   51.7s wait #45
[8773 #2]   52.2s evaluate scroll #46
[8773 #2]   52.3s wait #46
[8773 #2]   52.8s evaluate scroll #47
[8773 #2]   53.0s wait #47
[8773 #2]   53.5s evaluate scroll #48
[8773 #2]   53.6s wait #48
[8773 #2]   54.1s evaluate scroll #49
[8773 #2]   54.2s wait #49
[8773 #2]   54.7s evaluate scroll #50
[8773 #2]   54.9s wait #50
[8773 #2]   55.4s evaluate scroll #51
[8773 #2]   55.5s wait #51
[8773 #2]   56.0s evaluate scroll #52
[8773 #2]   56.2s wait #52
[8773 #2]   56.7s evaluate scroll #53
[8773 #2]   56.8s wait #53
[8773 #2]   57.3s evaluate scroll #54
[8773 #2]   57.3s wait #54
[8773 #2]   57.8s evaluate scroll #55
[8773 #2]   57.9s wait #55
[8773 #2]   58.4s evaluate scroll #56
[8773 #2]   58.5s wait #56
[8773 #2]   59.0s evaluate scroll #57
[8773 #2]   59.1s wait #57
[8773 #2]   59.6s evaluate scroll #58
[87738771 #2]   55.4s wait #49
[8771 #2]   55.9s evaluate scroll #50
[8771 #2]   56.1s wait #50
[8771 #2]   56.6s evaluate scroll #51
[8771 #2]   56.6s wait #51
[8771 #2]   57.2s evaluate scroll #52
[8771 #2]   57.2s wait #52
[8771 #2]   57.7s evaluate scroll #53
[8771 #2]   57.8s wait #53
[8771 #2]   58.3s evaluate scroll #54
[8771 #2]   58.4s wait #54
[8771 #2]   58.9s evaluate scroll #55
[8771 #2]   59.0s wait #55
[8771 #2]   59.5s evaluate scroll #56
[8771 #2]   59.6s wait #56
[8771 #2]   60.1s evaluate scroll #57
[8771 #2]   60.2s wait #57
[8771 #2]   60.7s evaluate scroll #58
[8771 #2]   60.9s wait #58
[8771 #2]   61.4s evaluate scroll #59
[8771 #2]   61.5s wait #59
[8771 #2]   62.0s evaluate scroll #60
[8771 #2]   62.1s wait #60
[8771 #2]   62.6s goto https://www.bbc.com/news
[8771 #2]   65.1s loaded
[8771 #2]   65.1s evaluate scroll #61
[8771 #2]   65.6s wait #61
[8771 #2]   66.1s evaluate scroll #62
[8771 #2]   66.5s wait #62
[8771 #2]   67.0s evaluate scroll #63
[8771 #2]   67.3s wait #63
[8771 #2]   67.8s evaluate scroll #64
[8771 #2]   68.1s wait #64
[8771 #2]   68.6s evaluate scroll #65
[8771 #2]   69.1s wait #65
[8771 #2]   69.6s evaluate scroll #66
[8771 #2]   69.8s wait #66
[8771 #2]   70.3s evaluate scroll #67
[8771 #2]   70.5s wait #67
[8771 #2]   71.0s evaluate scroll #68
[8771 #2]   71.5s wait #68
[8771 #2]   72.0s evaluate scroll #69
[8771 #2]   72.2s wait #69
[8771 #2]   72.7s evaluate scroll #70
[8771 #2]   72.8s wait #70
[8771 #2]   73.3s evaluate scroll #71
[8771 #2]   73.4s wait #71
[8771 #2]   73.9s evaluate scroll #72
[8771 #2]   75.1s wait #72
[8771 #2]   75.6s evaluate scroll #73
[8771 #2]   75.8s wait #73
[8771 #2]   76.3s evaluate scroll #74
[8771 #2]   76.4s wait #74
[8771 #2]   76.9s evaluate scroll #75
[8771 #2]   77.1s wait #75
[8771 #2]   77.6s evaluate scroll #76
[8771 #2]   78.0s wait #76
[8771 #2]   78.5s evaluate scroll #77
[8771 #2]   79.1s wait #77
[8771 #2]   79.6s evaluate scroll #78
[8771 #2]   79.7s wait #78
[8771 #2]   80.2s evaluate scroll #79
[8771 #2]   80.3s wait #79
[8771 #2]   80.8s evaluate scroll #80
[8771 #2]   80.9s wait #80
[8771 #2]   81.4s goto https://zh.wikipedia.org/
[8771 #2]   83.6s loaded
[8771 #2]   83.6s evaluate scroll #81
[8771 #2]   84.0s wait #81
[8771 #2]   84.5s evaluate scroll #82
[8771 #2]   84.6s wait #82
[8771 #2]   85.1s evaluate scroll #83
[8771 #2]   85.1s wait #83
[8771 #2]   85.7s evaluate scroll #84
[8771 #2]   85.7s wait #84
[8771 #2]   86.2s evaluate scroll #85
[8771 #2]   86.4s wait #85
[8771 #2]   86.9s evaluate scroll #86
[8771 #2]   87.0s wait #86
[8771 #2]   87.5s evaluate scroll #87
[8771 #2]   87.6s wait #87
[8771 #2]   88.1s evaluate scroll #88
[8771 #2]   88.2s wait #88
[8771 #2]   88.7s evaluate scroll #89
[8771 #2]   88.8s wait #89
[8771 #2]   89.3s evaluate scroll #90
[8771 #2]   89.4s wait #90
[8771 #2]   89.9s evaluate scroll #91
[8771 #2]   90.0s wait #91
[8771 #2]   90.5s evaluate scroll #92
[8771 #2]   90.6s wait #92
[8771 #2]   91.1s evaluate scroll #93
[8771 #2]   91.2s wait #93
[8771 #2]   91.7s evaluate scroll #94
[8771 #2]   91.7s wait #94
[8771 #2]   92.2s evaluate scroll #95
[8771 #2]   92.3s wait #95
[8771 #2]   92.8s evaluate scroll #96
[8771 #2]   92.9s wait #96
[8771 #2]   93.4s evaluate scroll #97
[8771 #2]   93.5s wait #97
[8771 #2]   94.0s evaluate scroll #98
[8771 #2]   94.1s wait #98
[8771 #2]   94.6s evaluate scroll #99
[8771 #2]   94.7s wait #99
[8771 #2]   95.2s evaluate scroll #100
[8771 #2]   95.2s wait #100
[8771 #2]   95.7s goto https://zh.wikipedia.org/wiki/%E5%8F%B0%E5%8C%97101
[8771 #2]   97.2s loaded
[8771 #2]   97.2s evaluate scroll #101
[8771 #2]   97.7s wait #101
[8771 #2]   98.2s evaluate scroll #102
[8771 #2]   98.5s wait #102
[8771 #2]   99.0s evaluate scroll #103
[8771 #2]   99.1s wait #103
[8771 #2]   99.6s evaluate scroll #104
[8771 #2]   99.7s wait #104
[8771 #2]  100.2s evaluate scroll #105
[8771 #2]  100.3s wait #105
[8771 #2]  100.8s evaluate scroll #106
[8771 #2]  100.9s wait #106
[8771 #2]  101.4s evaluate scroll #107
[8771 #2]  101.5s wait #107
[8771 #2]  102.0s evaluate scroll #108772 #2]   56.3s wait #49
[8772 #2]   56.8s evaluate scroll #50
[8772 #2]   56.9s wait #50
[8772 #2]   57.4s evaluate scroll #51
[8772 #2]   57.6s wait #51
[8772 #2]   58.1s evaluate scroll #52
[8772 #2]   58.3s wait #52
[8772 #2]   58.8s evaluate scroll #53
[8772 #2]   58.9s wait #53
[8772 #2]   59.4s evaluate scroll #54
[8772 #2]   59.6s wait #54
[8772 #2]   60.1s evaluate scroll #55
[8772 #2]   60.2s wait #55
[8772 #2]   60.7s evaluate scroll #56
[8772 #2]   60.8s wait #56
[8772 #2]   61.3s evaluate scroll #57
[8772 #2]   61.5s wait #57
[8772 #2]   62.0s evaluate scroll #58
[8772 #2]   62.1s wait #58
[8772 #2]   62.6s evaluate scroll #59
[8772 #2]   62.7s wait #59
[8772 #2]   63.2s evaluate scroll #60
[8772 #2]   63.4s wait #60
[8772 #2]   63.9s goto https://www.bbc.com/news
[8772 #2]   66.8s loaded
[8772 #2]   66.8s evaluate scroll #61
[8772 #2]   67.3s wait #61
[8772 #2]   67.8s evaluate scroll #62
[8772 #2]   68.0s wait #62
[8772 #2]   68.5s evaluate scroll #63
[8772 #2]   68.9s wait #63
[8772 #2]   69.4s evaluate scroll #64
[8772 #2]   70.0s wait #64
[8772 #2]   70.6s evaluate scroll #65
[8772 #2]   70.9s wait #65
[8772 #2]   71.4s evaluate scroll #66
[8772 #2]   71.6s wait #66
[8772 #2]   72.1s evaluate scroll #67
[8772 #2]   72.4s wait #67
[8772 #2]   72.9s evaluate scroll #68
[8772 #2]   73.4s wait #68
[8772 #2]   73.9s evaluate scroll #69
[8772 #2]   74.3s wait #69
[8772 #2]   74.8s evaluate scroll #70
[8772 #2]   74.9s wait #70
[8772 #2]   75.4s evaluate scroll #71
[8772 #2]   75.6s wait #71
[8772 #2]   76.1s evaluate scroll #72
[8772 #2]   76.8s wait #72
[8772 #2]   77.4s evaluate scroll #73
[8772 #2]   77.6s wait #73
[8772 #2]   78.1s evaluate scroll #74
[8772 #2]   78.2s wait #74
[8772 #2]   78.7s evaluate scroll #75
[8772 #2]   78.9s wait #75
[8772 #2]   79.4s evaluate scroll #76
[8772 #2]   79.9s wait #76
[8772 #2]   80.4s evaluate scroll #77
[8772 #2]   80.5s wait #77
[8772 #2]   81.0s evaluate scroll #78
[8772 #2]   81.1s wait #78
[8772 #2]   81.6s evaluate scroll #79
[8772 #2]   81.8s wait #79
[8772 #2]   82.3s evaluate scroll #80
[8772 #2]   82.5s wait #80
[8772 #2]   83.0s goto https://zh.wikipedia.org/
[8772 #2]   85.2s loaded
[8772 #2]   85.2s evaluate scroll #81
[8772 #2]   85.7s wait #81
[8772 #2]   86.2s evaluate scroll #82
[8772 #2]   86.4s wait #82
[8772 #2]   86.9s evaluate scroll #83
[8772 #2]   87.0s wait #83
[8772 #2]   87.5s evaluate scroll #84
[8772 #2]   87.7s wait #84
[8772 #2]   88.2s evaluate scroll #85
[8772 #2]   88.3s wait #85
[8772 #2]   88.8s evaluate scroll #86
[8772 #2]   88.9s wait #86
[8772 #2]   89.4s evaluate scroll #87
[8772 #2]   89.6s wait #87
[8772 #2]   90.1s evaluate scroll #88
[8772 #2]   90.2s wait #88
[8772 #2]   90.7s evaluate scroll #89
[8772 #2]   90.8s wait #89
[8772 #2]   91.3s evaluate scroll #90
[8772 #2]   91.5s wait #90
[8772 #2]   92.0s evaluate scroll #91
[8772 #2]   92.1s wait #91
[8772 #2]   92.6s evaluate scroll #92
[8772 #2]   92.7s wait #92
[8772 #2]   93.3s evaluate scroll #93
[8772 #2]   93.4s wait #93
[8772 #2]   93.9s evaluate scroll #94
[8772 #2]   94.1s wait #94
[8772 #2]   94.6s evaluate scroll #95
[8772 #2]   94.7s wait #95
[8772 #2]   95.2s evaluate scroll #96
[8772 #2]   95.3s wait #96
[8772 #2]   95.8s evaluate scroll #97
[8772 #2]   96.0s wait #97
[8772 #2]   96.5s evaluate scroll #98
[8772 #2]   96.7s wait #98
[8772 #2]   97.2s evaluate scroll #99
[8772 #2]   97.3s wait #99
[8772 #2]   97.8s evaluate scroll #100
[8772 #2]   97.9s wait #100
[8772 #2]   98.5s goto https://zh.wikipedia.org/wiki/%E5%8F%B0%E5%8C%97101
[8772 #2]   99.9s loaded
[8772 #2]   99.9s evaluate scroll #101
[8772 #2]  100.4s wait #101
[8772 #2]  100.9s evaluate scroll #102
[8772 #2]  101.1s wait #102
[8772 #2]  101.6s evaluate scroll #103
[8772 #2]  101.7s wait #103
[8772 #2]  102.2s evaluate scroll #104
[8772 #2]  102.5s wait #104
[8772 #2]  103.0s evaluate scroll #105
[8772 #2]  103.5s wait #105
[8772 #2]  104.0s evaluate scroll #106
[8772 #2]  104.2s wait #106
[8772 #2]  104.7s evaluate scroll #107
[8772 #2]  104.8s wait #107
[8772 #2]  105.3s evaluate scroll #10 #2]   58.2s wait #58
[8774 #2]   58.7s evaluate scroll #59
[8774 #2]   58.9s wait #59
[8774 #2]   59.4s evaluate scroll #60
[8774 #2]   59.5s wait #60
[8774 #2]   60.0s goto https://www.bbc.com/news
[8774 #2]   62.4s loaded
[8774 #2]   62.4s evaluate scroll #61
[8774 #2]   62.9s wait #61
[8774 #2]   63.4s evaluate scroll #62
[8774 #2]   63.6s wait #62
[8774 #2]   64.1s evaluate scroll #63
[8774 #2]   64.4s wait #63
[8774 #2]   64.9s evaluate scroll #64
[8774 #2]   65.0s wait #64
[8774 #2]   65.5s evaluate scroll #65
[8774 #2]   65.8s wait #65
[8774 #2]   66.3s evaluate scroll #66
[8774 #2]   66.7s wait #66
[8774 #2]   67.2s evaluate scroll #67
[8774 #2]   67.7s wait #67
[8774 #2]   68.2s evaluate scroll #68
[8774 #2]   68.7s wait #68
[8774 #2]   69.2s evaluate scroll #69
[8774 #2]   69.7s wait #69
[8774 #2]   70.2s evaluate scroll #70
[8774 #2]   70.3s wait #70
[8774 #2]   70.8s evaluate scroll #71
[8774 #2]   70.9s wait #71
[8774 #2]   71.4s evaluate scroll #72
[8774 #2]   72.0s wait #72
[8774 #2]   72.5s evaluate scroll #73
[8774 #2]   72.7s wait #73
[8774 #2]   73.2s evaluate scroll #74
[8774 #2]   73.5s wait #74
[8774 #2]   74.0s evaluate scroll #75
[8774 #2]   74.8s wait #75
[8774 #2]   75.3s evaluate scroll #76
[8774 #2]   75.5s wait #76
[8774 #2]   76.0s evaluate scroll #77
[8774 #2]   76.1s wait #77
[8774 #2]   76.7s evaluate scroll #78
[8774 #2]   76.8s wait #78
[8774 #2]   77.3s evaluate scroll #79
[8774 #2]   77.5s wait #79
[8774 #2]   78.0s evaluate scroll #80
[8774 #2]   78.2s wait #80
[8774 #2]   78.7s goto https://zh.wikipedia.org/
[8774 #2]   81.8s loaded
[8774 #2]   81.8s evaluate scroll #81
[8774 #2]   82.3s wait #81
[8774 #2]   82.8s evaluate scroll #82
[8774 #2]   82.9s wait #82
[8774 #2]   83.4s evaluate scroll #83
[8774 #2]   83.6s wait #83
[8774 #2]   84.1s evaluate scroll #84
[8774 #2]   84.2s wait #84
[8774 #2]   84.7s evaluate scroll #85
[8774 #2]   84.9s wait #85
[8774 #2]   85.4s evaluate scroll #86
[8774 #2]   85.5s wait #86
[8774 #2]   86.0s evaluate scroll #87
[8774 #2]   86.1s wait #87
[8774 #2]   86.7s evaluate scroll #88
[8774 #2]   86.8s wait #88
[8774 #2]   87.3s evaluate scroll #89
[8774 #2]   87.4s wait #89
[8774 #2]   87.9s evaluate scroll #90
[8774 #2]   88.0s wait #90
[8774 #2]   88.5s evaluate scroll #91
[8774 #2]   88.6s wait #91
[8774 #2]   89.1s evaluate scroll #92
[8774 #2]   89.3s wait #92
[8774 #2]   89.8s evaluate scroll #93
[8774 #2]   89.9s wait #93
[8774 #2]   90.4s evaluate scroll #94
[8774 #2]   90.5s wait #94
[8774 #2]   91.0s evaluate scroll #95
[8774 #2]   91.1s wait #95
[8774 #2]   91.7s evaluate scroll #96
[8774 #2]   91.8s wait #96
[8774 #2]   92.3s evaluate scroll #97
[8774 #2]   92.4s wait #97
[8774 #2]   92.9s evaluate scroll #98
[8774 #2]   93.0s wait #98
[8774 #2]   93.5s evaluate scroll #99
[8774 #2]   93.6s wait #99
[8774 #2]   94.1s evaluate scroll #100
[8774 #2]   94.3s wait #100
[8774 #2]   94.8s goto https://zh.wikipedia.org/wiki/%E5%8F%B0%E5%8C%97101
[8774 #2]   96.1s loaded
[8774 #2]   96.1s evaluate scroll #101
[8774 #2]   96.9s wait #101
[8774 #2]   97.4s evaluate scroll #102
[8774 #2]   97.6s wait #102
[8774 #2]   98.1s evaluate scroll #103
[8774 #2]   98.2s wait #103
[8774 #2]   98.7s evaluate scroll #104
[8774 #2]   98.9s wait #104
[8774 #2]   99.4s evaluate scroll #105
[8774 #2]   99.5s wait #105
[8774 #2]  100.0s evaluate scroll #106
[8774 #2]  100.2s wait #106
[8774 #2]  100.7s evaluate scroll #107
[8774 #2]  100.9s wait #107
[8774 #2]  101.4s evaluate scroll #108
[8774 #2]  101.5s wait #108
[8774 #2]  102.0s evaluate scroll #109
[8774 #2]  102.1s wait #109
[8774 #2]  102.6s evaluate scroll #110
[8774 #2]  102.8s wait #110
[8774 #2]  103.3s evaluate scroll #111
[8774 #2]  103.4s wait #111
[8774 #2]  103.9s evaluate scroll #112
[8774 #2]  104.1s wait #112
[8774 #2]  104.6s evaluate scroll #113
[8774 #2]  104.8s wait #113
[8774 #2]  105.3s evaluate scroll #114
[8774 #2]  105.4s wait #114
[8774 #2]  105.9s evaluate scroll #115
[8774 #2]  106.1s wait #115
[8774 #2]  106.6s evaluate scroll #116
[8774 #2]  106.7s wait #116
[8774 #2]  107.3s evalu #2]   59.7s wait #58
[8773 #2]   60.2s evaluate scroll #59
[8773 #2]   60.4s wait #59
[8773 #2]   60.9s evaluate scroll #60
[8773 #2]   61.0s wait #60
[8773 #2]   61.5s goto https://www.bbc.com/news
[8773 #2]   64.5s loaded
[8773 #2]   64.5s evaluate scroll #61
[8773 #2]   65.0s wait #61
[8773 #2]   65.5s evaluate scroll #62
[8773 #2]   66.0s wait #62
[8773 #2]   66.5s evaluate scroll #63
[8773 #2]   67.0s wait #63
[8773 #2]   67.5s evaluate scroll #64
[8773 #2]   68.1s wait #64
[8773 #2]   68.6s evaluate scroll #65
[8773 #2]   68.9s wait #65
[8773 #2]   69.4s evaluate scroll #66
[8773 #2]   69.8s wait #66
[8773 #2]   70.3s evaluate scroll #67
[8773 #2]   70.5s wait #67
[8773 #2]   71.0s evaluate scroll #68
[8773 #2]   71.3s wait #68
[8773 #2]   71.8s evaluate scroll #69
[8773 #2]   72.7s wait #69
[8773 #2]   73.2s evaluate scroll #70
[8773 #2]   73.5s wait #70
[8773 #2]   74.0s evaluate scroll #71
[8773 #2]   74.3s wait #71
[8773 #2]   74.8s evaluate scroll #72
[8773 #2]   75.1s wait #72
[8773 #2]   75.6s evaluate scroll #73
[8773 #2]   76.9s wait #73
[8773 #2]   77.4s evaluate scroll #74
[8773 #2]   77.5s wait #74
[8773 #2]   78.0s evaluate scroll #75
[8773 #2]   78.2s wait #75
[8773 #2]   78.7s evaluate scroll #76
[8773 #2]   79.1s wait #76
[8773 #2]   79.6s evaluate scroll #77
[8773 #2]   79.7s wait #77
[8773 #2]   80.2s evaluate scroll #78
[8773 #2]   80.3s wait #78
[8773 #2]   80.8s evaluate scroll #79
[8773 #2]   80.9s wait #79
[8773 #2]   81.4s evaluate scroll #80
[8773 #2]   81.5s wait #80
[8773 #2]   82.0s goto https://zh.wikipedia.org/
[8773 #2]   84.4s loaded
[8773 #2]   84.4s evaluate scroll #81
[8773 #2]   84.8s wait #81
[8773 #2]   85.3s evaluate scroll #82
[8773 #2]   85.5s wait #82
[8773 #2]   86.0s evaluate scroll #83
[8773 #2]   86.1s wait #83
[8773 #2]   86.6s evaluate scroll #84
[8773 #2]   86.7s wait #84
[8773 #2]   87.2s evaluate scroll #85
[8773 #2]   87.3s wait #85
[8773 #2]   87.8s evaluate scroll #86
[8773 #2]   87.9s wait #86
[8773 #2]   88.4s evaluate scroll #87
[8773 #2]   88.4s wait #87
[8773 #2]   88.9s evaluate scroll #88
[8773 #2]   89.1s wait #88
[8773 #2]   89.6s evaluate scroll #89
[8773 #2]   89.8s wait #89
[8773 #2]   90.3s evaluate scroll #90
[8773 #2]   90.3s wait #90
[8773 #2]   90.8s evaluate scroll #91
[8773 #2]   90.9s wait #91
[8773 #2]   91.4s evaluate scroll #92
[8773 #2]   91.5s wait #92
[8773 #2]   92.0s evaluate scroll #93
[8773 #2]   92.1s wait #93
[8773 #2]   92.6s evaluate scroll #94
[8773 #2]   92.7s wait #94
[8773 #2]   93.2s evaluate scroll #95
[8773 #2]   93.3s wait #95
[8773 #2]   93.8s evaluate scroll #96
[8773 #2]   93.9s wait #96
[8773 #2]   94.4s evaluate scroll #97
[8773 #2]   94.5s wait #97
[8773 #2]   95.0s evaluate scroll #98
[8773 #2]   95.1s wait #98
[8773 #2]   95.6s evaluate scroll #99
[8773 #2]   95.7s wait #99
[8773 #2]   96.2s evaluate scroll #100
[8773 #2]   96.3s wait #100
[8773 #2]   96.8s goto https://zh.wikipedia.org/wiki/%E5%8F%B0%E5%8C%97101
[8773 #2]   98.3s loaded
[8773 #2]   98.3s evaluate scroll #101
[8773 #2]   99.1s wait #101
[8773 #2]   99.6s evaluate scroll #102
[8773 #2]  100.0s wait #102
[8773 #2]  100.5s evaluate scroll #103
[8773 #2]  100.6s wait #103
[8773 #2]  101.1s evaluate scroll #104
[8773 #2]  101.2s wait #104
[8773 #2]  101.7s evaluate scroll #105
[8773 #2]  101.8s wait #105
[8773 #2]  102.3s evaluate scroll #106
[8773 #2]  102.4s wait #106
[8773 #2]  102.9s evaluate scroll #107
[8773 #2]  103.0s wait #107
[8773 #2]  103.5s evaluate scroll #108
[8773 #2]  103.6s wait #108
[8773 #2]  104.1s evaluate scroll #109
[8773 #2]  104.3s wait #109
[8773 #2]  104.8s evaluate scroll #110
[8773 #2]  104.9s wait #110
[8773 #2]  105.4s evaluate scroll #111
[8773 #2]  105.5s wait #111
[8773 #2]  106.0s evaluate scroll #112
[8773 #2]  106.1s wait #112
[8773 #2]  106.6s evaluate scroll #113
[8773 #2]  106.7s wait #113
[8773 #2]  107.2s evaluate scroll #114
[8773 #2]  107.3s wait #114
[8773 #2]  107.8s evaluate scroll #115
[8773 #2]  108.0s wait #115
[8773 #2]  108.5s evaluate scroll #116
[8773 #2]  108.8s wait #116
[8773 #2]  109.3s evalu8
[8771 #2]  102.1s wait #108
[8771 #2]  102.6s evaluate scroll #109
[8771 #2]  102.8s wait #109
[8771 #2]  103.3s evaluate scroll #110
[8771 #2]  103.4s wait #110
[8771 #2]  103.9s evaluate scroll #111
[8771 #2]  104.0s wait #111
[8771 #2]  104.5s evaluate scroll #112
[8771 #2]  104.6s wait #112
[8771 #2]  105.1s evaluate scroll #113
[8771 #2]  105.3s wait #113
[8771 #2]  105.8s evaluate scroll #114
[8771 #2]  105.9s wait #114
[8771 #2]  106.4s evaluate scroll #115
[8771 #2]  106.5s wait #115
[8771 #2]  107.0s evaluate scroll #116
[8771 #2]  107.0s wait #116
[8771 #2]  107.6s evaluate scroll #117
[8771 #2]  107.7s wait #117
[8771 #2]  108.2s evaluate scroll #118
[8771 #2]  108.3s wait #118
[8771 #2]  108.8s evaluate scroll #119
[8771 #2]  108.9s wait #119
[8771 #2]  109.4s evaluate scroll #120
[8771 #2]  109.6s wait #120
[8771 #2]  110.1s goto https://github.com/explore
[8771 #2]  115.0s loaded
[8771 #2]  115.0s evaluate scroll #121
[8771 #2]  116.2s wait #121
[8771 #2]  116.7s evaluate scroll #122
[8771 #2]  116.9s wait #122
[8771 #2]  117.4s evaluate scroll #123
[8771 #2]  117.5s wait #123
[8771 #2]  118.0s evaluate scroll #124
[8771 #2]  118.2s wait #124
[8771 #2]  118.7s evaluate scroll #125
[8771 #2]  118.9s wait #125
[8771 #2]  119.4s evaluate scroll #126
[8771 #2]  119.6s wait #126
[8771 #2]  120.1s evaluate scroll #127
[8771 #2]  120.2s wait #127
[8771 #2]  120.7s evaluate scroll #128
[8771 #2]  120.8s wait #128
[8771 #2]  121.3s evaluate scroll #129
[8771 #2]  121.3s wait #129
[8771 #2]  121.9s evaluate scroll #130
[8771 #2]  122.1s wait #130
[8771 #2]  122.6s evaluate scroll #131
[8771 #2]  122.7s wait #131
[8771 #2]  123.2s evaluate scroll #132
[8771 #2]  123.3s wait #132
[8771 #2]  123.8s evaluate scroll #133
[8771 #2]  123.9s wait #133
[8771 #2]  124.4s evaluate scroll #134
[8771 #2]  124.5s wait #134
[8771 #2]  125.0s evaluate scroll #135
[8771 #2]  125.1s wait #135
[8771 #2]  125.6s evaluate scroll #136
[8771 #2]  125.6s wait #136
[8771 #2]  126.2s evaluate scroll #137
[8771 #2]  126.4s wait #137
[8771 #2]  126.9s evaluate scroll #138
[8771 #2]  127.0s wait #138
[8771 #2]  127.5s evaluate scroll #139
[8771 #2]  127.6s wait #139
[8771 #2]  128.1s evaluate scroll #140
[8771 #2]  128.2s wait #140
[8771 #2]  128.7s goto https://www.bbc.com/news
[8771 #2]  131.0s loaded
[8771 #2]  131.0s evaluate scroll #141
[8771 #2]  131.8s wait #141
[8771 #2]  132.3s evaluate scroll #142
[8771 #2]  132.6s wait #142
[8771 #2]  133.1s evaluate scroll #143
[8771 #2]  133.3s wait #143
[8771 #2]  133.8s evaluate scroll #144
[8771 #2]  134.1s wait #144
[8771 #2]  134.6s evaluate scroll #145
[8771 #2]  134.9s wait #145
[8771 #2]  135.4s evaluate scroll #146
[8771 #2]  135.6s wait #146
[8771 #2]  136.1s evaluate scroll #147
[8771 #2]  136.3s wait #147
[8771 #2]  136.8s evaluate scroll #148
[8771 #2]  137.1s wait #148
[8771 #2]  137.6s evaluate scroll #149
[8771 #2]  138.1s wait #149
[8771 #2]  138.6s evaluate scroll #150
[8771 #2]  138.9s wait #150
[8771 #2]  139.4s evaluate scroll #151
[8771 #2]  139.5s wait #151
[8771 #2]  140.0s evaluate scroll #152
[8771 #2]  141.0s wait #152
[8771 #2]  141.5s evaluate scroll #153
[8771 #2]  141.7s wait #153
[8771 #2]  142.2s evaluate scroll #154
[8771 #2]  142.3s wait #154
[8771 #2]  142.8s evaluate scroll #155
[8771 #2]  143.3s wait #155
[8771 #2]  143.8s evaluate scroll #156
[8771 #2]  145.6s wait #156
[8771 #2]  146.1s evaluate scroll #157
[8771 #2]  147.1s wait #157
[8771 #2]  147.6s evaluate scroll #158
[8771 #2]  148.1s wait #158
[8771 #2]  148.6s evaluate scroll #159
[8771 #2]  148.9s wait #159
[8771 #2]  149.5s evaluate scroll #160
[8771 #2]  150.1s wait #160
[8771 #2]  150.6s goto https://zh.wikipedia.org/
[8771 #2]  152.6s loaded
[8771 #2]  152.6s evaluate scroll #161
[8771 #2]  153.0s wait #161
[8771 #2]  153.5s evaluate scroll #162
[8771 #2]  153.6s wait #162
[8771 #2]  154.1s evaluate scroll #163
[8771 #2]  154.2s wait #163
[8771 #2]  154.7s evaluate scroll #164
[8771 #2]  154.8s wait #164
[8771 #2]  155.3s evaluate scroll #165
[8771 #2]  155.7s wait #165
[8771 #2]  156.2s evaluat8
[8772 #2]  105.5s wait #108
[8772 #2]  106.0s evaluate scroll #109
[8772 #2]  106.1s wait #109
[8772 #2]  106.6s evaluate scroll #110
[8772 #2]  106.8s wait #110
[8772 #2]  107.3s evaluate scroll #111
[8772 #2]  107.4s wait #111
[8772 #2]  107.9s evaluate scroll #112
[8772 #2]  108.1s wait #112
[8772 #2]  108.6s evaluate scroll #113
[8772 #2]  108.9s wait #113
[8772 #2]  109.4s evaluate scroll #114
[8772 #2]  109.5s wait #114
[8772 #2]  110.0s evaluate scroll #115
[8772 #2]  110.2s wait #115
[8772 #2]  110.7s evaluate scroll #116
[8772 #2]  111.0s wait #116
[8772 #2]  111.5s evaluate scroll #117
[8772 #2]  111.6s wait #117
[8772 #2]  112.1s evaluate scroll #118
[8772 #2]  112.3s wait #118
[8772 #2]  112.8s evaluate scroll #119
[8772 #2]  113.0s wait #119
[8772 #2]  113.5s evaluate scroll #120
[8772 #2]  113.7s wait #120
[8772 #2]  114.2s goto https://github.com/explore
[8772 #2]  118.4s loaded
[8772 #2]  118.4s evaluate scroll #121
[8772 #2]  119.5s wait #121
[8772 #2]  120.0s evaluate scroll #122
[8772 #2]  120.2s wait #122
[8772 #2]  120.7s evaluate scroll #123
[8772 #2]  120.8s wait #123
[8772 #2]  121.3s evaluate scroll #124
[8772 #2]  121.4s wait #124
[8772 #2]  121.9s evaluate scroll #125
[8772 #2]  122.1s wait #125
[8772 #2]  122.6s evaluate scroll #126
[8772 #2]  122.7s wait #126
[8772 #2]  123.2s evaluate scroll #127
[8772 #2]  123.3s wait #127
[8772 #2]  123.8s evaluate scroll #128
[8772 #2]  123.9s wait #128
[8772 #2]  124.4s evaluate scroll #129
[8772 #2]  124.5s wait #129
[8772 #2]  125.0s evaluate scroll #130
[8772 #2]  125.1s wait #130
[8772 #2]  125.6s evaluate scroll #131
[8772 #2]  125.7s wait #131
[8772 #2]  126.2s evaluate scroll #132
[8772 #2]  126.3s wait #132
[8772 #2]  126.8s evaluate scroll #133
[8772 #2]  126.9s wait #133
[8772 #2]  127.4s evaluate scroll #134
[8772 #2]  127.6s wait #134
[8772 #2]  128.1s evaluate scroll #135
[8772 #2]  128.2s wait #135
[8772 #2]  128.7s evaluate scroll #136
[8772 #2]  128.7s wait #136
[8772 #2]  129.3s evaluate scroll #137
[8772 #2]  129.4s wait #137
[8772 #2]  129.9s evaluate scroll #138
[8772 #2]  130.0s wait #138
[8772 #2]  130.5s evaluate scroll #139
[8772 #2]  130.7s wait #139
[8772 #2]  131.2s evaluate scroll #140
[8772 #2]  131.2s wait #140
[8772 #2]  131.7s goto https://www.bbc.com/news
[8772 #2]  134.2s loaded
[8772 #2]  134.2s evaluate scroll #141
[8772 #2]  134.7s wait #141
[8772 #2]  135.2s evaluate scroll #142
[8772 #2]  135.7s wait #142
[8772 #2]  136.2s evaluate scroll #143
[8772 #2]  136.5s wait #143
[8772 #2]  137.0s evaluate scroll #144
[8772 #2]  137.3s wait #144
[8772 #2]  137.8s evaluate scroll #145
[8772 #2]  138.6s wait #145
[8772 #2]  139.1s evaluate scroll #146
[8772 #2]  139.4s wait #146
[8772 #2]  139.9s evaluate scroll #147
[8772 #2]  140.3s wait #147
[8772 #2]  140.8s evaluate scroll #148
[8772 #2]  141.2s wait #148
[8772 #2]  141.7s evaluate scroll #149
[8772 #2]  142.0s wait #149
[8772 #2]  142.5s evaluate scroll #150
[8772 #2]  142.6s wait #150
[8772 #2]  143.1s evaluate scroll #151
[8772 #2]  143.4s wait #151
[8772 #2]  143.9s evaluate scroll #152
[8772 #2]  145.7s wait #152
[8772 #2]  146.2s evaluate scroll #153
[8772 #2]  147.3s wait #153
[8772 #2]  147.8s evaluate scroll #154
[8772 #2]  148.3s wait #154
[8772 #2]  148.8s evaluate scroll #155
[8772 #2]  149.1s wait #155
[8772 #2]  149.6s evaluate scroll #156
[8772 #2]  150.2s wait #156
[8772 #2]  150.7s evaluate scroll #157
[8772 #2]  150.8s wait #157
[8772 #2]  151.3s evaluate scroll #158
[8772 #2]  151.5s wait #158
[8772 #2]  152.0s evaluate scroll #159
[8772 #2]  152.1s wait #159
[8772 #2]  152.6s evaluate scroll #160
[8772 #2]  152.7s wait #160
[8772 #2]  153.2s goto https://zh.wikipedia.org/
[8772 #2]  155.1s loaded
[8772 #2]  155.1s evaluate scroll #161
[8772 #2]  155.4s wait #161
[8772 #2]  155.9s evaluate scroll #162
[8772 #2]  156.2s wait #162
[8772 #2]  156.8s evaluate scroll #163
[8772 #2]  156.9s wait #163
[8772 #2]  157.4s evaluate scroll #164
[8772 #2]  157.5s wait #164
[8772 #2]  158.0s evaluate scroll #165
[8772 #2]  158.2s wait #165
[8772 #2]  158.7s evaluatate scroll #117
[8774 #2]  107.4s wait #117
[8774 #2]  107.9s evaluate scroll #118
[8774 #2]  108.2s wait #118
[8774 #2]  108.7s evaluate scroll #119
[8774 #2]  108.9s wait #119
[8774 #2]  109.4s evaluate scroll #120
[8774 #2]  109.5s wait #120
[8774 #2]  110.0s goto https://github.com/explore
[8774 #2]  114.2s loaded
[8774 #2]  114.2s evaluate scroll #121
[8774 #2]  115.5s wait #121
[8774 #2]  116.0s evaluate scroll #122
[8774 #2]  116.1s wait #122
[8774 #2]  116.6s evaluate scroll #123
[8774 #2]  116.8s wait #123
[8774 #2]  117.3s evaluate scroll #124
[8774 #2]  117.5s wait #124
[8774 #2]  118.0s evaluate scroll #125
[8774 #2]  118.1s wait #125
[8774 #2]  118.6s evaluate scroll #126
[8774 #2]  118.7s wait #126
[8774 #2]  119.2s evaluate scroll #127
[8774 #2]  119.5s wait #127
[8774 #2]  120.0s evaluate scroll #128
[8774 #2]  120.1s wait #128
[8774 #2]  120.6s evaluate scroll #129
[8774 #2]  120.6s wait #129
[8774 #2]  121.1s evaluate scroll #130
[8774 #2]  121.2s wait #130
[8774 #2]  121.7s evaluate scroll #131
[8774 #2]  121.8s wait #131
[8774 #2]  122.3s evaluate scroll #132
[8774 #2]  122.4s wait #132
[8774 #2]  122.9s evaluate scroll #133
[8774 #2]  123.0s wait #133
[8774 #2]  123.5s evaluate scroll #134
[8774 #2]  123.7s wait #134
[8774 #2]  124.2s evaluate scroll #135
[8774 #2]  124.2s wait #135
[8774 #2]  124.8s evaluate scroll #136
[8774 #2]  124.8s wait #136
[8774 #2]  125.3s evaluate scroll #137
[8774 #2]  125.4s wait #137
[8774 #2]  125.9s evaluate scroll #138
[8774 #2]  126.0s wait #138
[8774 #2]  126.5s evaluate scroll #139
[8774 #2]  126.6s wait #139
[8774 #2]  127.1s evaluate scroll #140
[8774 #2]  127.2s wait #140
[8774 #2]  127.7s goto https://www.bbc.com/news
[8774 #2]  129.8s loaded
[8774 #2]  129.8s evaluate scroll #141
[8774 #2]  130.2s wait #141
[8774 #2]  130.7s evaluate scroll #142
[8774 #2]  130.9s wait #142
[8774 #2]  131.4s evaluate scroll #143
[8774 #2]  131.7s wait #143
[8774 #2]  132.2s evaluate scroll #144
[8774 #2]  132.5s wait #144
[8774 #2]  133.0s evaluate scroll #145
[8774 #2]  133.6s wait #145
[8774 #2]  134.1s evaluate scroll #146
[8774 #2]  134.3s wait #146
[8774 #2]  134.8s evaluate scroll #147
[8774 #2]  135.2s wait #147
[8774 #2]  135.7s evaluate scroll #148
[8774 #2]  136.0s wait #148
[8774 #2]  136.5s evaluate scroll #149
[8774 #2]  136.7s wait #149
[8774 #2]  137.2s evaluate scroll #150
[8774 #2]  137.5s wait #150
[8774 #2]  138.0s evaluate scroll #151
[8774 #2]  138.1s wait #151
[8774 #2]  138.7s evaluate scroll #152
[8774 #2]  139.1s wait #152
[8774 #2]  139.6s evaluate scroll #153
[8774 #2]  139.9s wait #153
[8774 #2]  140.4s evaluate scroll #154
[8774 #2]  140.6s wait #154
[8774 #2]  141.1s evaluate scroll #155
[8774 #2]  141.3s wait #155
[8774 #2]  141.8s evaluate scroll #156
[8774 #2]  141.9s wait #156
[8774 #2]  142.4s evaluate scroll #157
[8774 #2]  142.6s wait #157
[8774 #2]  143.1s evaluate scroll #158
[8774 #2]  144.3s wait #158
[8774 #2]  144.9s evaluate scroll #159
[8774 #2]  145.9s wait #159
[8774 #2]  146.4s evaluate scroll #160
[8774 #2]  147.4s wait #160
[8774 #2]  147.9s goto https://zh.wikipedia.org/
[8774 #2]  149.6s loaded
[8774 #2]  149.6s evaluate scroll #161
[8774 #2]  150.1s wait #161
[8774 #2]  150.6s evaluate scroll #162
[8774 #2]  150.7s wait #162
[8774 #2]  151.2s evaluate scroll #163
[8774 #2]  151.3s wait #163
[8774 #2]  151.8s evaluate scroll #164
[8774 #2]  151.9s wait #164
[8774 #2]  152.4s evaluate scroll #165
[8774 #2]  152.5s wait #165
[8774 #2]  153.0s evaluate scroll #166
[8774 #2]  153.1s wait #166
[8774 #2]  153.6s evaluate scroll #167
[8774 #2]  153.7s wait #167
[8774 #2]  154.2s evaluate scroll #168
[8774 #2]  154.3s wait #168
[8774 #2]  154.8s evaluate scroll #169
[8774 #2]  155.3s wait #169
[8774 #2]  155.8s evaluate scroll #170
[8774 #2]  155.8s wait #170
[8774 #2]  156.3s evaluate scroll #171
[8774 #2]  156.5s wait #171
[8774 #2]  157.0s evaluate scroll #172
[8774 #2]  157.1s wait #172
[8774 #2]  157.6s evaluate scroll #173
[8774 #2]  157.6s wait #173
[8774 #2]  158.1s evaluate scroll #174
[8774 #2]  158.3s wait #174
[8774 #2]  ate scroll #117
[8773 #2]  109.4s wait #117
[8773 #2]  109.9s evaluate scroll #118
[8773 #2]  110.0s wait #118
[8773 #2]  110.5s evaluate scroll #119
[8773 #2]  110.6s wait #119
[8773 #2]  111.1s evaluate scroll #120
[8773 #2]  111.3s wait #120
[8773 #2]  111.8s goto https://github.com/explore
[8773 #2]  116.0s loaded
[8773 #2]  116.0s evaluate scroll #121
[8773 #2]  117.5s wait #121
[8773 #2]  118.0s evaluate scroll #122
[8773 #2]  118.4s wait #122
[8773 #2]  118.9s evaluate scroll #123
[8773 #2]  119.0s wait #123
[8773 #2]  119.5s evaluate scroll #124
[8773 #2]  119.7s wait #124
[8773 #2]  120.2s evaluate scroll #125
[8773 #2]  120.3s wait #125
[8773 #2]  120.8s evaluate scroll #126
[8773 #2]  120.9s wait #126
[8773 #2]  121.4s evaluate scroll #127
[8773 #2]  121.5s wait #127
[8773 #2]  122.0s evaluate scroll #128
[8773 #2]  122.2s wait #128
[8773 #2]  122.7s evaluate scroll #129
[8773 #2]  122.8s wait #129
[8773 #2]  123.3s evaluate scroll #130
[8773 #2]  123.4s wait #130
[8773 #2]  123.9s evaluate scroll #131
[8773 #2]  124.0s wait #131
[8773 #2]  124.5s evaluate scroll #132
[8773 #2]  124.6s wait #132
[8773 #2]  125.1s evaluate scroll #133
[8773 #2]  125.2s wait #133
[8773 #2]  125.7s evaluate scroll #134
[8773 #2]  125.8s wait #134
[8773 #2]  126.3s evaluate scroll #135
[8773 #2]  126.5s wait #135
[8773 #2]  127.0s evaluate scroll #136
[8773 #2]  127.1s wait #136
[8773 #2]  127.6s evaluate scroll #137
[8773 #2]  127.7s wait #137
[8773 #2]  128.2s evaluate scroll #138
[8773 #2]  128.3s wait #138
[8773 #2]  128.8s evaluate scroll #139
[8773 #2]  128.9s wait #139
[8773 #2]  129.4s evaluate scroll #140
[8773 #2]  129.6s wait #140
[8773 #2]  130.1s goto https://www.bbc.com/news
[8773 #2]  132.8s loaded
[8773 #2]  132.8s evaluate scroll #141
[8773 #2]  133.2s wait #141
[8773 #2]  133.7s evaluate scroll #142
[8773 #2]  133.9s wait #142
[8773 #2]  134.4s evaluate scroll #143
[8773 #2]  134.8s wait #143
[8773 #2]  135.3s evaluate scroll #144
[8773 #2]  135.5s wait #144
[8773 #2]  136.1s evaluate scroll #145
[8773 #2]  136.5s wait #145
[8773 #2]  137.0s evaluate scroll #146
[8773 #2]  137.9s wait #146
[8773 #2]  138.4s evaluate scroll #147
[8773 #2]  138.6s wait #147
[8773 #2]  139.1s evaluate scroll #148
[8773 #2]  140.0s wait #148
[8773 #2]  140.5s evaluate scroll #149
[8773 #2]  141.1s wait #149
[8773 #2]  141.6s evaluate scroll #150
[8773 #2]  141.8s wait #150
[8773 #2]  142.3s evaluate scroll #151
[8773 #2]  142.8s wait #151
[8773 #2]  143.3s evaluate scroll #152
[8773 #2]  143.5s wait #152
[8773 #2]  144.0s evaluate scroll #153
[8773 #2]  146.3s wait #153
[8773 #2]  146.8s evaluate scroll #154
[8773 #2]  148.8s wait #154
[8773 #2]  149.3s evaluate scroll #155
[8773 #2]  150.0s wait #155
[8773 #2]  150.5s evaluate scroll #156
[8773 #2]  151.1s wait #156
[8773 #2]  151.6s evaluate scroll #157
[8773 #2]  151.8s wait #157
[8773 #2]  152.3s evaluate scroll #158
[8773 #2]  152.6s wait #158
[8773 #2]  153.1s evaluate scroll #159
[8773 #2]  153.3s wait #159
[8773 #2]  153.8s evaluate scroll #160
[8773 #2]  153.9s wait #160
[8773 #2]  154.4s goto https://zh.wikipedia.org/
[8773 #2]  158.1s loaded
[8773 #2]  158.1s evaluate scroll #161
[8773 #2]  158.5s wait #161
[8773 #2]  159.0s evaluate scroll #162
[8773 #2]  159.2s wait #162
[8773 #2]  159.7s evaluate scroll #163
[8773 #2]  159.8s wait #163
[8773 #2]  160.3s evaluate scroll #164
[8773 #2]  160.4s wait #164
[8773 #2]  160.9s evaluate scroll #165
[8773 #2]  161.5s wait #165
[8773 #2]  162.0s evaluate scroll #166
[8773 #2]  163.1s wait #166
[8773 #2]  163.6s evaluate scroll #167
[8773 #2]  163.9s wait #167
[8773 #2]  164.4s evaluate scroll #168
[8773 #2]  164.5s wait #168
[8773 #2]  165.0s evaluate scroll #169
[8773 #2]  165.2s wait #169
[8773 #2]  165.7s evaluate scroll #170
[8773 #2]  165.8s wait #170
[8773 #2]  166.3s evaluate scroll #171
[8773 #2]  166.5s wait #171
[8773 #2]  167.0s evaluate scroll #172
[8773 #2]  167.1s wait #172
[8773 #2]  167.6s evaluate scroll #173
[8773 #2]  167.7s wait #173
[8773 #2]  168.2s evaluate scroll #174
[8773 #2]  168.3s wait #174
[8773 #2]  e scroll #166
[8772 #2]  158.8s wait #166
[8772 #2]  159.3s evaluate scroll #167
[8772 #2]  159.4s wait #167
[8772 #2]  159.9s evaluate scroll #168
[8772 #2]  160.1s wait #168
[8772 #2]  160.6s evaluate scroll #169
[8772 #2]  160.7s wait #169
[8772 #2]  161.2s evaluate scroll #170
[8772 #2]  162.0s wait #170
[8772 #2]  162.5s evaluate scroll #171
[8772 #2]  163.4s wait #171
[8772 #2]  163.9s evaluate scroll #172
[8772 #2]  164.0s wait #172
[8772 #2]  164.5s evaluate scroll #173
[8772 #2]  164.6s wait #173
[8772 #2]  165.1s evaluate scroll #174
[8772 #2]  165.3s wait #174
[8772 #2]  165.8s evaluate scroll #175
[8772 #2]  165.9s wait #175
[8772 #2]  166.4s evaluate scroll #176
[8772 #2]  166.6s wait #176
[8772 #2]  167.1s evaluate scroll #177
[8772 #2]  167.2s wait #177
[8772 #2]  167.7s evaluate scroll #178
[8772 #2]  167.8s wait #178
[8772 #2]  168.3s evaluate scroll #179
[8772 #2]  168.4s wait #179
[8772 #2]  168.9s evaluate scroll #180
[8772 #2]  170.2s wait #180
[8772 #2]  170.7s goto https://zh.wikipedia.org/wiki/%E5%8F%B0%E5%8C%97101
[8772 #2]  174.4s loaded
[8772 #2]  174.4s evaluate scroll #181
[8772 #2]  176.2s wait #181
[8772 #2]  176.7s evaluate scroll #182
[8772 #2]  176.8s wait #182
[8772 #2]  177.3s evaluate scroll #183
[8772 #2]  177.4s wait #183
[8772 #2]  177.9s evaluate scroll #184
[8772 #2]  178.0s wait #184
[8772 #2]  178.5s evaluate scroll #185
[8772 #2]  178.6s wait #185
[8772 #2]  179.1s evaluate scroll #186
[8772 #2]  179.2s wait #186
[8772 #2]  179.7s evaluate scroll #187
[8772 #2]  179.8s wait #187
[8772 #2]  180.3s evaluate scroll #188
[8772 #2]  180.4s wait #188
[8772 #2]  180.9s evaluate scroll #189
[8772 #2]  181.1s wait #189
[8772 #2]  181.6s evaluate scroll #190
[8772 #2]  181.7s wait #190
[8772 #2]  182.2s evaluate scroll #191
[8772 #2]  182.3s wait #191
[8772 #2]  182.8s evaluate scroll #192
[8772 #2]  182.9s wait #192
[8772 #2]  183.4s evaluate scroll #193
[8772 #2]  183.5s wait #193
[8772 #2]  184.0s evaluate scroll #194
[8772 #2]  184.1s wait #194
[8772 #2]  184.6s evaluate scroll #195
[8772 #2]  184.7s wait #195
[8772 #2]  185.2s evaluate scroll #196
[8772 #2]  185.4s wait #196
[8772 #2]  185.9s evaluate scroll #197
[8772 #2]  186.7s wait #197
[8772 #2]  187.2s evaluate scroll #198
[8772 #2]  188.1s wait #198
[8772 #2]  188.6s evaluate scroll #199
[8772 #2]  188.6s wait #199
[8772 #2]  189.1s evaluate scroll #200
[8772 #2]  189.2s wait #200
[8772 #2]  189.7s goto https://github.com/explore
[8772 #2]  194.4s loaded
[8772 #2]  194.4s evaluate scroll #201
[8772 #2]  196.6s wait #201
[8772 #2]  197.1s evaluate scroll #202
[8772 #2]  197.2s wait #202
[8772 #2]  197.7s evaluate scroll #203
[8772 #2]  197.9s wait #203
[8772 #2]  198.4s evaluate scroll #204
[8772 #2]  198.5s wait #204
[8772 #2]  199.0s evaluate scroll #205
[8772 #2]  199.1s wait #205
[8772 #2]  199.6s evaluate scroll #206
[8772 #2]  199.7s wait #206
[8772 #2]  200.2s evaluate scroll #207
[8772 #2]  200.3s wait #207
[8772 #2]  200.8s evaluate scroll #208
[8772 #2]  201.0s wait #208
[8772 #2]  201.5s evaluate scroll #209
[8772 #2]  201.6s wait #209
[8772 #2]  202.1s evaluate scroll #210
[8772 #2]  202.2s wait #210
[8772 #2]  202.7s evaluate scroll #211
[8772 #2]  202.8s wait #211
[8772 #2]  203.3s evaluate scroll #212
[8772 #2]  203.5s wait #212
[8772 #2]  204.0s evaluate scroll #213
[8772 #2]  204.1s wait #213
[8772 #2]  204.6s evaluate scroll #214
[8772 #2]  204.8s wait #214
[8772 #2]  205.3s evaluate scroll #215
[8772 #2]  205.4s wait #215
[8772 #2]  205.9s evaluate scroll #216
[8772 #2]  206.1s wait #216
[8772 #2]  206.6s evaluate scroll #217
[8772 #2]  206.7s wait #217
[8772 #2]  207.2s evaluate scroll #218
[8772 #2]  207.3s wait #218
[8772 #2]  207.8s evaluate scroll #219
[8772 #2]  207.9s wait #219
[8772 #2]  208.4s evaluate scroll #220
[8772 #2]  208.6s wait #220
[8772 #2]  209.1s goto https://www.bbc.com/news
[8772 #2]  211.2s loaded
[8772 #2]  211.2s evaluate scroll #221
[8772 #2]  211.7s wait #221
[8772 #2]  212.2s evaluate scroll #222
[8772 #2]  212.4s wait #222
[8772 #2]  212.9s evaluate scroll #223
[8772 #2]  213.e scroll #166
[8771 #2]  156.3s wait #166
[8771 #2]  156.8s evaluate scroll #167
[8771 #2]  157.0s wait #167
[8771 #2]  157.5s evaluate scroll #168
[8771 #2]  157.6s wait #168
[8771 #2]  158.1s evaluate scroll #169
[8771 #2]  158.2s wait #169
[8771 #2]  158.7s evaluate scroll #170
[8771 #2]  158.8s wait #170
[8771 #2]  159.3s evaluate scroll #171
[8771 #2]  159.4s wait #171
[8771 #2]  159.9s evaluate scroll #172
[8771 #2]  160.0s wait #172
[8771 #2]  160.5s evaluate scroll #173
[8771 #2]  161.1s wait #173
[8771 #2]  161.6s evaluate scroll #174
[8771 #2]  162.3s wait #174
[8771 #2]  162.8s evaluate scroll #175
[8771 #2]  163.7s wait #175
[8771 #2]  164.2s evaluate scroll #176
[8771 #2]  164.3s wait #176
[8771 #2]  164.8s evaluate scroll #177
[8771 #2]  164.9s wait #177
[8771 #2]  165.4s evaluate scroll #178
[8771 #2]  165.6s wait #178
[8771 #2]  166.1s evaluate scroll #179
[8771 #2]  166.3s wait #179
[8771 #2]  166.8s evaluate scroll #180
[8771 #2]  167.0s wait #180
[8771 #2]  167.5s goto https://zh.wikipedia.org/wiki/%E5%8F%B0%E5%8C%97101
[8771 #2]  168.9s loaded
[8771 #2]  168.9s evaluate scroll #181
[8771 #2]  171.7s wait #181
[8771 #2]  172.2s evaluate scroll #182
[8771 #2]  173.5s wait #182
[8771 #2]  174.0s evaluate scroll #183
[8771 #2]  175.5s wait #183
[8771 #2]  176.0s evaluate scroll #184
[8771 #2]  176.2s wait #184
[8771 #2]  176.7s evaluate scroll #185
[8771 #2]  176.8s wait #185
[8771 #2]  177.3s evaluate scroll #186
[8771 #2]  177.5s wait #186
[8771 #2]  178.0s evaluate scroll #187
[8771 #2]  178.1s wait #187
[8771 #2]  178.6s evaluate scroll #188
[8771 #2]  178.8s wait #188
[8771 #2]  179.3s evaluate scroll #189
[8771 #2]  179.4s wait #189
[8771 #2]  179.9s evaluate scroll #190
[8771 #2]  180.0s wait #190
[8771 #2]  180.5s evaluate scroll #191
[8771 #2]  180.6s wait #191
[8771 #2]  181.1s evaluate scroll #192
[8771 #2]  181.2s wait #192
[8771 #2]  181.7s evaluate scroll #193
[8771 #2]  181.9s wait #193
[8771 #2]  182.4s evaluate scroll #194
[8771 #2]  182.6s wait #194
[8771 #2]  183.1s evaluate scroll #195
[8771 #2]  183.2s wait #195
[8771 #2]  183.7s evaluate scroll #196
[8771 #2]  183.8s wait #196
[8771 #2]  184.3s evaluate scroll #197
[8771 #2]  184.4s wait #197
[8771 #2]  184.9s evaluate scroll #198
[8771 #2]  185.0s wait #198
[8771 #2]  185.5s evaluate scroll #199
[8771 #2]  186.3s wait #199
[8771 #2]  186.8s evaluate scroll #200
[8771 #2]  187.6s wait #200
[8771 #2]  188.1s goto https://github.com/explore
[8771 #2]  193.4s loaded
[8771 #2]  193.4s evaluate scroll #201
[8771 #2]  196.0s wait #201
[8771 #2]  196.5s evaluate scroll #202
[8771 #2]  196.6s wait #202
[8771 #2]  197.1s evaluate scroll #203
[8771 #2]  197.2s wait #203
[8771 #2]  197.7s evaluate scroll #204
[8771 #2]  197.8s wait #204
[8771 #2]  198.3s evaluate scroll #205
[8771 #2]  198.4s wait #205
[8771 #2]  198.9s evaluate scroll #206
[8771 #2]  199.1s wait #206
[8771 #2]  199.6s evaluate scroll #207
[8771 #2]  199.7s wait #207
[8771 #2]  200.2s evaluate scroll #208
[8771 #2]  200.3s wait #208
[8771 #2]  200.8s evaluate scroll #209
[8771 #2]  200.9s wait #209
[8771 #2]  201.4s evaluate scroll #210
[8771 #2]  201.6s wait #210
[8771 #2]  202.1s evaluate scroll #211
[8771 #2]  202.1s wait #211
[8771 #2]  202.6s evaluate scroll #212
[8771 #2]  202.8s wait #212
[8771 #2]  203.3s evaluate scroll #213
[8771 #2]  203.4s wait #213
[8771 #2]  203.9s evaluate scroll #214
[8771 #2]  204.0s wait #214
[8771 #2]  204.5s evaluate scroll #215
[8771 #2]  204.6s wait #215
[8771 #2]  205.1s evaluate scroll #216
[8771 #2]  205.2s wait #216
[8771 #2]  205.7s evaluate scroll #217
[8771 #2]  205.9s wait #217
[8771 #2]  206.4s evaluate scroll #218
[8771 #2]  206.5s wait #218
[8771 #2]  207.0s evaluate scroll #219
[8771 #2]  207.1s wait #219
[8771 #2]  207.6s evaluate scroll #220
[8771 #2]  207.7s wait #220
[8771 #2]  208.2s goto https://www.bbc.com/news
[8771 #2]  210.4s loaded
[8771 #2]  210.4s evaluate scroll #221
[8771 #2]  211.2s wait #221
[8771 #2]  211.7s evaluate scroll #222
[8771 #2]  212.2s wait #222
[8771 #2]  212.7s evaluate scroll #223
[8771 #2]  213.158.8s evaluate scroll #175
[8774 #2]  158.9s wait #175
[8774 #2]  159.4s evaluate scroll #176
[8774 #2]  159.5s wait #176
[8774 #2]  160.0s evaluate scroll #177
[8774 #2]  160.5s wait #177
[8774 #2]  161.0s evaluate scroll #178
[8774 #2]  161.8s wait #178
[8774 #2]  162.3s evaluate scroll #179
[8774 #2]  163.2s wait #179
[8774 #2]  163.7s evaluate scroll #180
[8774 #2]  163.8s wait #180
[8774 #2]  164.3s goto https://zh.wikipedia.org/wiki/%E5%8F%B0%E5%8C%97101
[8774 #2]  165.6s loaded
[8774 #2]  165.6s evaluate scroll #181
[8774 #2]  166.3s wait #181
[8774 #2]  166.8s evaluate scroll #182
[8774 #2]  166.9s wait #182
[8774 #2]  167.4s evaluate scroll #183
[8774 #2]  167.5s wait #183
[8774 #2]  168.0s evaluate scroll #184
[8774 #2]  168.1s wait #184
[8774 #2]  168.6s evaluate scroll #185
[8774 #2]  169.9s wait #185
[8774 #2]  170.4s evaluate scroll #186
[8774 #2]  172.0s wait #186
[8774 #2]  172.5s evaluate scroll #187
[8774 #2]  174.0s wait #187
[8774 #2]  174.5s evaluate scroll #188
[8774 #2]  175.4s wait #188
[8774 #2]  175.9s evaluate scroll #189
[8774 #2]  176.0s wait #189
[8774 #2]  176.5s evaluate scroll #190
[8774 #2]  176.6s wait #190
[8774 #2]  177.1s evaluate scroll #191
[8774 #2]  177.3s wait #191
[8774 #2]  177.8s evaluate scroll #192
[8774 #2]  177.9s wait #192
[8774 #2]  178.4s evaluate scroll #193
[8774 #2]  178.5s wait #193
[8774 #2]  179.0s evaluate scroll #194
[8774 #2]  179.1s wait #194
[8774 #2]  179.6s evaluate scroll #195
[8774 #2]  179.8s wait #195
[8774 #2]  180.3s evaluate scroll #196
[8774 #2]  180.4s wait #196
[8774 #2]  180.9s evaluate scroll #197
[8774 #2]  181.0s wait #197
[8774 #2]  181.5s evaluate scroll #198
[8774 #2]  181.6s wait #198
[8774 #2]  182.1s evaluate scroll #199
[8774 #2]  182.2s wait #199
[8774 #2]  182.7s evaluate scroll #200
[8774 #2]  182.8s wait #200
[8774 #2]  183.3s goto https://github.com/explore
[8774 #2]  187.4s loaded
[8774 #2]  187.4s evaluate scroll #201
[8774 #2]  188.4s wait #201
[8774 #2]  188.9s evaluate scroll #202
[8774 #2]  189.0s wait #202
[8774 #2]  189.5s evaluate scroll #203
[8774 #2]  189.6s wait #203
[8774 #2]  190.1s evaluate scroll #204
[8774 #2]  190.3s wait #204
[8774 #2]  190.8s evaluate scroll #205
[8774 #2]  190.9s wait #205
[8774 #2]  191.4s evaluate scroll #206
[8774 #2]  191.5s wait #206
[8774 #2]  192.0s evaluate scroll #207
[8774 #2]  193.3s wait #207
[8774 #2]  193.8s evaluate scroll #208
[8774 #2]  195.0s wait #208
[8774 #2]  195.5s evaluate scroll #209
[8774 #2]  196.1s wait #209
[8774 #2]  196.6s evaluate scroll #210
[8774 #2]  196.7s wait #210
[8774 #2]  197.2s evaluate scroll #211
[8774 #2]  197.2s wait #211
[8774 #2]  197.7s evaluate scroll #212
[8774 #2]  197.9s wait #212
[8774 #2]  198.4s evaluate scroll #213
[8774 #2]  198.5s wait #213
[8774 #2]  199.0s evaluate scroll #214
[8774 #2]  199.0s wait #214
[8774 #2]  199.5s evaluate scroll #215
[8774 #2]  199.6s wait #215
[8774 #2]  200.1s evaluate scroll #216
[8774 #2]  200.3s wait #216
[8774 #2]  200.8s evaluate scroll #217
[8774 #2]  200.9s wait #217
[8774 #2]  201.4s evaluate scroll #218
[8774 #2]  201.5s wait #218
[8774 #2]  202.0s evaluate scroll #219
[8774 #2]  202.1s wait #219
[8774 #2]  202.6s evaluate scroll #220
[8774 #2]  202.7s wait #220
[8774 #2]  203.2s goto https://www.bbc.com/news
[8774 #2]  205.2s loaded
[8774 #2]  205.2s evaluate scroll #221
[8774 #2]  205.7s wait #221
[8774 #2]  206.2s evaluate scroll #222
[8774 #2]  206.3s wait #222
[8774 #2]  206.8s evaluate scroll #223
[8774 #2]  207.2s wait #223
[8774 #2]  207.7s evaluate scroll #224
[8774 #2]  208.1s wait #224
[8774 #2]  208.6s evaluate scroll #225
[8774 #2]  208.9s wait #225
[8774 #2]  209.4s evaluate scroll #226
[8774 #2]  209.6s wait #226
[8774 #2]  210.2s evaluate scroll #227
[8774 #2]  210.3s wait #227
[8774 #2]  210.8s evaluate scroll #228
[8774 #2]  211.4s wait #228
[8774 #2]  211.9s evaluate scroll #229
[8774 #2]  212.1s wait #229
[8774 #2]  212.6s evaluate scroll #230
[8774 #2]  212.8s wait #230
[8774 #2]  213.3s evaluate scroll #231
[8774 #2]  213.6s wait #231
[8774 #2]  214.1s evaluate scroll #232
[168.8s evaluate scroll #175
[8773 #2]  170.1s wait #175
[8773 #2]  170.6s evaluate scroll #176
[8773 #2]  173.0s wait #176
[8773 #2]  173.5s evaluate scroll #177
[8773 #2]  175.9s wait #177
[8773 #2]  176.4s evaluate scroll #178
[8773 #2]  176.6s wait #178
[8773 #2]  177.1s evaluate scroll #179
[8773 #2]  177.2s wait #179
[8773 #2]  177.7s evaluate scroll #180
[8773 #2]  177.9s wait #180
[8773 #2]  178.4s goto https://zh.wikipedia.org/wiki/%E5%8F%B0%E5%8C%97101
[8773 #2]  179.8s loaded
[8773 #2]  179.8s evaluate scroll #181
[8773 #2]  180.7s wait #181
[8773 #2]  181.2s evaluate scroll #182
[8773 #2]  181.5s wait #182
[8773 #2]  182.0s evaluate scroll #183
[8773 #2]  182.1s wait #183
[8773 #2]  182.6s evaluate scroll #184
[8773 #2]  182.7s wait #184
[8773 #2]  183.2s evaluate scroll #185
[8773 #2]  183.3s wait #185
[8773 #2]  183.8s evaluate scroll #186
[8773 #2]  183.9s wait #186
[8773 #2]  184.4s evaluate scroll #187
[8773 #2]  184.6s wait #187
[8773 #2]  185.1s evaluate scroll #188
[8773 #2]  185.2s wait #188
[8773 #2]  185.7s evaluate scroll #189
[8773 #2]  186.4s wait #189
[8773 #2]  186.9s evaluate scroll #190
[8773 #2]  187.7s wait #190
[8773 #2]  188.2s evaluate scroll #191
[8773 #2]  188.4s wait #191
[8773 #2]  188.9s evaluate scroll #192
[8773 #2]  189.0s wait #192
[8773 #2]  189.5s evaluate scroll #193
[8773 #2]  189.6s wait #193
[8773 #2]  190.1s evaluate scroll #194
[8773 #2]  190.2s wait #194
[8773 #2]  190.7s evaluate scroll #195
[8773 #2]  190.9s wait #195
[8773 #2]  191.4s evaluate scroll #196
[8773 #2]  191.5s wait #196
[8773 #2]  192.0s evaluate scroll #197
[8773 #2]  192.1s wait #197
[8773 #2]  192.6s evaluate scroll #198
[8773 #2]  193.9s wait #198
[8773 #2]  194.4s evaluate scroll #199
[8773 #2]  195.6s wait #199
[8773 #2]  196.1s evaluate scroll #200
[8773 #2]  196.7s wait #200
[8773 #2]  197.2s goto https://github.com/explore
[8773 #2]  201.1s loaded
[8773 #2]  201.1s evaluate scroll #201
[8773 #2]  202.7s wait #201
[8773 #2]  203.2s evaluate scroll #202
[8773 #2]  203.3s wait #202
[8773 #2]  203.8s evaluate scroll #203
[8773 #2]  203.9s wait #203
[8773 #2]  204.4s evaluate scroll #204
[8773 #2]  204.5s wait #204
[8773 #2]  205.0s evaluate scroll #205
[8773 #2]  205.1s wait #205
[8773 #2]  205.6s evaluate scroll #206
[8773 #2]  205.7s wait #206
[8773 #2]  206.2s evaluate scroll #207
[8773 #2]  206.3s wait #207
[8773 #2]  206.8s evaluate scroll #208
[8773 #2]  207.0s wait #208
[8773 #2]  207.5s evaluate scroll #209
[8773 #2]  207.6s wait #209
[8773 #2]  208.1s evaluate scroll #210
[8773 #2]  208.3s wait #210
[8773 #2]  208.8s evaluate scroll #211
[8773 #2]  208.9s wait #211
[8773 #2]  209.4s evaluate scroll #212
[8773 #2]  209.6s wait #212
[8773 #2]  210.1s evaluate scroll #213
[8773 #2]  210.1s wait #213
[8773 #2]  210.7s evaluate scroll #214
[8773 #2]  210.8s wait #214
[8773 #2]  211.3s evaluate scroll #215
[8773 #2]  211.5s wait #215
[8773 #2]  212.0s evaluate scroll #216
[8773 #2]  212.1s wait #216
[8773 #2]  212.6s evaluate scroll #217
[8773 #2]  212.8s wait #217
[8773 #2]  213.3s evaluate scroll #218
[8773 #2]  213.4s wait #218
[8773 #2]  213.9s evaluate scroll #219
[8773 #2]  214.0s wait #219
[8773 #2]  214.5s evaluate scroll #220
[8773 #2]  214.6s wait #220
[8773 #2]  215.1s goto https://www.bbc.com/news
[8773 #2]  217.6s loaded
[8773 #2]  217.6s evaluate scroll #221
[8773 #2]  218.5s wait #221
[8773 #2]  219.0s evaluate scroll #222
[8773 #2]  219.9s wait #222
[8773 #2]  220.4s evaluate scroll #223
[8773 #2]  220.9s wait #223
[8773 #2]  221.4s evaluate scroll #224
[8773 #2]  222.0s wait #224
[8773 #2]  222.5s evaluate scroll #225
[8773 #2]  222.7s wait #225
[8773 #2]  223.2s evaluate scroll #226
[8773 #2]  223.4s wait #226
[8773 #2]  223.9s evaluate scroll #227
[8773 #2]  224.4s wait #227
[8773 #2]  224.9s evaluate scroll #228
[8773 #2]  225.3s wait #228
[8773 #2]  225.8s evaluate scroll #229
[8773 #2]  226.0s wait #229
[8773 #2]  226.5s evaluate scroll #230
[8773 #2]  227.5s wait #230
[8773 #2]  228.0s evaluate scroll #231
[8773 #2]  231.8s wait #231
[8773 #2]  232.3s evaluate scroll #232
[1s wait #223
[8772 #2]  213.6s evaluate scroll #224
[8772 #2]  213.8s wait #224
[8772 #2]  214.3s evaluate scroll #225
[8772 #2]  214.6s wait #225
[8772 #2]  215.1s evaluate scroll #226
[8772 #2]  215.4s wait #226
[8772 #2]  215.9s evaluate scroll #227
[8772 #2]  216.2s wait #227
[8772 #2]  216.7s evaluate scroll #228
[8772 #2]  216.9s wait #228
[8772 #2]  217.4s evaluate scroll #229
[8772 #2]  218.0s wait #229
[8772 #2]  218.5s evaluate scroll #230
[8772 #2]  218.7s wait #230
[8772 #2]  219.2s evaluate scroll #231
[8772 #2]  219.6s wait #231
[8772 #2]  220.1s evaluate scroll #232
[8772 #2]  220.3s wait #232
[8772 #2]  220.8s evaluate scroll #233
[8772 #2]  221.5s wait #233
[8772 #2]  222.0s evaluate scroll #234
[8772 #2]  222.1s wait #234
[8772 #2]  222.6s evaluate scroll #235
[8772 #2]  222.7s wait #235
[8772 #2]  223.2s evaluate scroll #236
[8772 #2]  223.4s wait #236
[8772 #2]  223.9s evaluate scroll #237
[8772 #2]  224.0s wait #237
[8772 #2]  224.5s evaluate scroll #238
[8772 #2]  224.6s wait #238
[8772 #2]  225.1s evaluate scroll #239
[8772 #2]  225.2s wait #239
[8772 #2]  225.7s evaluate scroll #240
[8772 #2]  225.8s wait #240
[8772 #2]  226.3s goto https://zh.wikipedia.org/
[8772 #2]  228.6s loaded
[8772 #2]  228.6s evaluate scroll #241
[8772 #2]  231.7s wait #241
[8772 #2]  232.2s evaluate scroll #242
[8772 #2]  232.4s wait #242
[8772 #2]  232.9s evaluate scroll #243
[8772 #2]  233.0s wait #243
[8772 #2]  233.5s evaluate scroll #244
[8772 #2]  233.6s wait #244
[8772 #2]  234.1s evaluate scroll #245
[8772 #2]  234.2s wait #245
[8772 #2]  234.7s evaluate scroll #246
[8772 #2]  234.8s wait #246
[8772 #2]  235.3s evaluate scroll #247
[8772 #2]  235.5s wait #247
[8772 #2]  236.0s evaluate scroll #248
[8772 #2]  236.1s wait #248
[8772 #2]  236.6s evaluate scroll #249
[8772 #2]  236.8s wait #249
[8772 #2]  237.3s evaluate scroll #250
[8772 #2]  237.5s wait #250
[8772 #2]  238.0s evaluate scroll #251
[8772 #2]  238.1s wait #251
[8772 #2]  238.6s evaluate scroll #252
[8772 #2]  238.7s wait #252
[8772 #2]  239.2s evaluate scroll #253
[8772 #2]  239.4s wait #253
[8772 #2]  239.9s evaluate scroll #254
[8772 #2]  240.1s wait #254
[8772 #2]  240.6s evaluate scroll #255
[8772 #2]  240.7s wait #255
[8772 #2]  241.2s evaluate scroll #256
[8772 #2]  241.3s wait #256
[8772 #2]  241.8s evaluate scroll #257
[8772 #2]  241.9s wait #257
[8772 #2]  242.4s evaluate scroll #258
[8772 #2]  242.5s wait #258
[8772 #2]  243.0s evaluate scroll #259
[8772 #2]  243.1s wait #259
[8772 #2]  243.6s evaluate scroll #260
[8772 #2]  243.7s wait #260
[8772 #2]  244.2s goto https://zh.wikipedia.org/wiki/%E5%8F%B0%E5%8C%97101
[8772 #2]  245.6s loaded
[8772 #2]  245.6s evaluate scroll #261
[8772 #2]  246.0s wait #261
[8772 #2]  246.5s evaluate scroll #262
[8772 #2]  246.7s wait #262
[8772 #2]  247.2s evaluate scroll #263
[8772 #2]  247.3s wait #263
[8772 #2]  247.8s evaluate scroll #264
[8772 #2]  247.8s wait #264
[8772 #2]  248.3s evaluate scroll #265
[8772 #2]  248.4s wait #265
[8772 #2]  248.9s evaluate scroll #266
[8772 #2]  249.0s wait #266
[8772 #2]  249.5s evaluate scroll #267
[8772 #2]  249.6s wait #267
[8772 #2]  250.1s evaluate scroll #268
[8772 #2]  250.2s wait #268
[8772 #2]  250.7s evaluate scroll #269
[8772 #2]  251.0s wait #269
[8772 #2]  251.5s evaluate scroll #270
[8772 #2]  251.6s wait #270
[8772 #2]  252.1s evaluate scroll #271
[8772 #2]  252.2s wait #271
[8772 #2]  252.7s evaluate scroll #272
[8772 #2]  252.7s wait #272
[8772 #2]  253.2s evaluate scroll #273
[8772 #2]  253.4s wait #273
[8772 #2]  253.9s evaluate scroll #274
[8772 #2]  254.0s wait #274
[8772 #2]  254.5s evaluate scroll #275
[8772 #2]  254.5s wait #275
[8772 #2]  255.0s evaluate scroll #276
[8772 #2]  255.1s wait #276
[8772 #2]  255.6s evaluate scroll #277
[8772 #2]  255.8s wait #277
[8772 #2]  256.3s evaluate scroll #278
[8772 #2]  256.3s wait #278
[8772 #2]  256.8s evaluate scroll #279
[8772 #2]  257.0s wait #279
[8772 #2]  257.5s evaluate scroll #280
[8772 #2]  257.6s wait #280
[8772 #2]  258.1s goto https://github.com/explore
[8772 #2]  262.8s loaded
[8772 #2]  262.3s wait #223
[8771 #2]  213.8s evaluate scroll #224
[8771 #2]  214.3s wait #224
[8771 #2]  214.8s evaluate scroll #225
[8771 #2]  215.0s wait #225
[8771 #2]  215.5s evaluate scroll #226
[8771 #2]  215.8s wait #226
[8771 #2]  216.3s evaluate scroll #227
[8771 #2]  217.0s wait #227
[8771 #2]  217.5s evaluate scroll #228
[8771 #2]  217.7s wait #228
[8771 #2]  218.2s evaluate scroll #229
[8771 #2]  218.4s wait #229
[8771 #2]  218.9s evaluate scroll #230
[8771 #2]  219.6s wait #230
[8771 #2]  220.1s evaluate scroll #231
[8771 #2]  220.6s wait #231
[8771 #2]  221.1s evaluate scroll #232
[8771 #2]  221.4s wait #232
[8771 #2]  221.9s evaluate scroll #233
[8771 #2]  222.0s wait #233
[8771 #2]  222.5s evaluate scroll #234
[8771 #2]  222.6s wait #234
[8771 #2]  223.1s evaluate scroll #235
[8771 #2]  223.3s wait #235
[8771 #2]  223.8s evaluate scroll #236
[8771 #2]  223.9s wait #236
[8771 #2]  224.4s evaluate scroll #237
[8771 #2]  224.5s wait #237
[8771 #2]  225.0s evaluate scroll #238
[8771 #2]  225.1s wait #238
[8771 #2]  225.6s evaluate scroll #239
[8771 #2]  225.7s wait #239
[8771 #2]  226.2s evaluate scroll #240
[8771 #2]  227.0s wait #240
[8771 #2]  227.5s goto https://zh.wikipedia.org/
[8771 #2]  232.6s loaded
[8771 #2]  232.6s evaluate scroll #241
[8771 #2]  233.0s wait #241
[8771 #2]  233.5s evaluate scroll #242
[8771 #2]  233.7s wait #242
[8771 #2]  234.2s evaluate scroll #243
[8771 #2]  234.3s wait #243
[8771 #2]  234.8s evaluate scroll #244
[8771 #2]  235.0s wait #244
[8771 #2]  235.5s evaluate scroll #245
[8771 #2]  235.6s wait #245
[8771 #2]  236.1s evaluate scroll #246
[8771 #2]  236.2s wait #246
[8771 #2]  236.7s evaluate scroll #247
[8771 #2]  236.9s wait #247
[8771 #2]  237.4s evaluate scroll #248
[8771 #2]  237.7s wait #248
[8771 #2]  238.2s evaluate scroll #249
[8771 #2]  238.4s wait #249
[8771 #2]  238.9s evaluate scroll #250
[8771 #2]  239.1s wait #250
[8771 #2]  239.6s evaluate scroll #251
[8771 #2]  239.8s wait #251
[8771 #2]  240.3s evaluate scroll #252
[8771 #2]  240.5s wait #252
[8771 #2]  241.0s evaluate scroll #253
[8771 #2]  241.1s wait #253
[8771 #2]  241.6s evaluate scroll #254
[8771 #2]  241.7s wait #254
[8771 #2]  242.2s evaluate scroll #255
[8771 #2]  242.3s wait #255
[8771 #2]  242.8s evaluate scroll #256
[8771 #2]  242.9s wait #256
[8771 #2]  243.4s evaluate scroll #257
[8771 #2]  243.5s wait #257
[8771 #2]  244.0s evaluate scroll #258
[8771 #2]  244.0s wait #258
[8771 #2]  244.5s evaluate scroll #259
[8771 #2]  244.6s wait #259
[8771 #2]  245.1s evaluate scroll #260
[8771 #2]  245.2s wait #260
[8771 #2]  245.7s goto https://zh.wikipedia.org/wiki/%E5%8F%B0%E5%8C%97101
[8771 #2]  247.1s loaded
[8771 #2]  247.1s evaluate scroll #261
[8771 #2]  247.6s wait #261
[8771 #2]  248.1s evaluate scroll #262
[8771 #2]  248.3s wait #262
[8771 #2]  248.8s evaluate scroll #263
[8771 #2]  248.9s wait #263
[8771 #2]  249.4s evaluate scroll #264
[8771 #2]  249.5s wait #264
[8771 #2]  250.0s evaluate scroll #265
[8771 #2]  250.1s wait #265
[8771 #2]  250.6s evaluate scroll #266
[8771 #2]  250.7s wait #266
[8771 #2]  251.2s evaluate scroll #267
[8771 #2]  251.2s wait #267
[8771 #2]  251.7s evaluate scroll #268
[8771 #2]  251.8s wait #268
[8771 #2]  252.3s evaluate scroll #269
[8771 #2]  252.6s wait #269
[8771 #2]  253.1s evaluate scroll #270
[8771 #2]  253.2s wait #270
[8771 #2]  253.7s evaluate scroll #271
[8771 #2]  253.8s wait #271
[8771 #2]  254.3s evaluate scroll #272
[8771 #2]  254.4s wait #272
[8771 #2]  254.9s evaluate scroll #273
[8771 #2]  255.0s wait #273
[8771 #2]  255.5s evaluate scroll #274
[8771 #2]  255.6s wait #274
[8771 #2]  256.1s evaluate scroll #275
[8771 #2]  256.1s wait #275
[8771 #2]  256.6s evaluate scroll #276
[8771 #2]  256.8s wait #276
[8771 #2]  257.3s evaluate scroll #277
[8771 #2]  257.4s wait #277
[8771 #2]  257.9s evaluate scroll #278
[8771 #2]  258.0s wait #278
[8771 #2]  258.5s evaluate scroll #279
[8771 #2]  258.6s wait #279
[8771 #2]  259.1s evaluate scroll #280
[8771 #2]  259.2s wait #280
[8771 #2]  259.7s goto https://github.com/explore
[8771 #2]  264.4s loaded
[8771 #2]  264.8774 #2]  214.7s wait #232
[8774 #2]  215.2s evaluate scroll #233
[8774 #2]  215.5s wait #233
[8774 #2]  216.0s evaluate scroll #234
[8774 #2]  216.2s wait #234
[8774 #2]  216.7s evaluate scroll #235
[8774 #2]  217.3s wait #235
[8774 #2]  217.8s evaluate scroll #236
[8774 #2]  217.9s wait #236
[8774 #2]  218.4s evaluate scroll #237
[8774 #2]  218.9s wait #237
[8774 #2]  219.4s evaluate scroll #238
[8774 #2]  219.5s wait #238
[8774 #2]  220.0s evaluate scroll #239
[8774 #2]  220.1s wait #239
[8774 #2]  220.7s evaluate scroll #240
[8774 #2]  220.8s wait #240
[8774 #2]  221.3s goto https://zh.wikipedia.org/
[8774 #2]  223.0s loaded
[8774 #2]  223.0s evaluate scroll #241
[8774 #2]  223.5s wait #241
[8774 #2]  224.0s evaluate scroll #242
[8774 #2]  224.0s wait #242
[8774 #2]  224.5s evaluate scroll #243
[8774 #2]  224.6s wait #243
[8774 #2]  225.1s evaluate scroll #244
[8774 #2]  225.2s wait #244
[8774 #2]  225.7s evaluate scroll #245
[8774 #2]  226.4s wait #245
[8774 #2]  226.9s evaluate scroll #246
[8774 #2]  229.0s wait #246
[8774 #2]  229.5s evaluate scroll #247
[8774 #2]  230.6s wait #247
[8774 #2]  231.1s evaluate scroll #248
[8774 #2]  231.2s wait #248
[8774 #2]  231.7s evaluate scroll #249
[8774 #2]  232.0s wait #249
[8774 #2]  232.5s evaluate scroll #250
[8774 #2]  232.7s wait #250
[8774 #2]  233.2s evaluate scroll #251
[8774 #2]  233.3s wait #251
[8774 #2]  233.8s evaluate scroll #252
[8774 #2]  233.9s wait #252
[8774 #2]  234.4s evaluate scroll #253
[8774 #2]  234.5s wait #253
[8774 #2]  235.0s evaluate scroll #254
[8774 #2]  235.1s wait #254
[8774 #2]  235.6s evaluate scroll #255
[8774 #2]  235.7s wait #255
[8774 #2]  236.2s evaluate scroll #256
[8774 #2]  236.4s wait #256
[8774 #2]  236.9s evaluate scroll #257
[8774 #2]  237.0s wait #257
[8774 #2]  237.5s evaluate scroll #258
[8774 #2]  237.6s wait #258
[8774 #2]  238.1s evaluate scroll #259
[8774 #2]  238.3s wait #259
[8774 #2]  238.8s evaluate scroll #260
[8774 #2]  239.0s wait #260
[8774 #2]  239.5s goto https://zh.wikipedia.org/wiki/%E5%8F%B0%E5%8C%97101
[8774 #2]  240.8s loaded
[8774 #2]  240.8s evaluate scroll #261
[8774 #2]  241.2s wait #261
[8774 #2]  241.7s evaluate scroll #262
[8774 #2]  241.9s wait #262
[8774 #2]  242.4s evaluate scroll #263
[8774 #2]  242.4s wait #263
[8774 #2]  243.0s evaluate scroll #264
[8774 #2]  243.0s wait #264
[8774 #2]  243.5s evaluate scroll #265
[8774 #2]  243.6s wait #265
[8774 #2]  244.1s evaluate scroll #266
[8774 #2]  244.2s wait #266
[8774 #2]  244.7s evaluate scroll #267
[8774 #2]  244.9s wait #267
[8774 #2]  245.4s evaluate scroll #268
[8774 #2]  245.4s wait #268
[8774 #2]  245.9s evaluate scroll #269
[8774 #2]  246.3s wait #269
[8774 #2]  246.8s evaluate scroll #270
[8774 #2]  246.9s wait #270
[8774 #2]  247.4s evaluate scroll #271
[8774 #2]  247.5s wait #271
[8774 #2]  248.0s evaluate scroll #272
[8774 #2]  248.1s wait #272
[8774 #2]  248.6s evaluate scroll #273
[8774 #2]  248.7s wait #273
[8774 #2]  249.2s evaluate scroll #274
[8774 #2]  249.3s wait #274
[8774 #2]  249.8s evaluate scroll #275
[8774 #2]  249.9s wait #275
[8774 #2]  250.4s evaluate scroll #276
[8774 #2]  250.5s wait #276
[8774 #2]  251.0s evaluate scroll #277
[8774 #2]  251.1s wait #277
[8774 #2]  251.6s evaluate scroll #278
[8774 #2]  251.7s wait #278
[8774 #2]  252.2s evaluate scroll #279
[8774 #2]  252.3s wait #279
[8774 #2]  252.8s evaluate scroll #280
[8774 #2]  252.9s wait #280
[8774 #2]  253.4s goto https://github.com/explore
[8774 #2]  258.0s loaded
[8774 #2]  258.0s evaluate scroll #281
[8774 #2]  258.9s wait #281
[8774 #2]  259.5s evaluate scroll #282
[8774 #2]  259.6s wait #282
[8774 #2]  260.1s evaluate scroll #283
[8774 #2]  260.1s wait #283
[8774 #2]  260.6s evaluate scroll #284
[8774 #2]  260.7s wait #284
[8774 #2]  261.2s evaluate scroll #285
[8774 #2]  261.3s wait #285
[8774 #2]  261.8s evaluate scroll #286
[8774 #2]  261.9s wait #286
[8774 #2]  262.4s evaluate scroll #287
[8774 #2]  262.5s wait #287
[8774 #2]  263.0s evaluate scroll #288
[8774 #2]  263.1s wait #288
[8774 #2]  263.6s evaluate scroll #289
[8774 #2]  263.7s wait #289
[8773 #2]  232.7s wait #232
[8773 #2]  233.2s evaluate scroll #233
[8773 #2]  233.3s wait #233
[8773 #2]  233.8s evaluate scroll #234
[8773 #2]  233.9s wait #234
[8773 #2]  234.4s evaluate scroll #235
[8773 #2]  234.6s wait #235
[8773 #2]  235.1s evaluate scroll #236
[8773 #2]  235.5s wait #236
[8773 #2]  236.0s evaluate scroll #237
[8773 #2]  236.1s wait #237
[8773 #2]  236.6s evaluate scroll #238
[8773 #2]  236.7s wait #238
[8773 #2]  237.2s evaluate scroll #239
[8773 #2]  237.5s wait #239
[8773 #2]  238.0s evaluate scroll #240
[8773 #2]  238.3s wait #240
[8773 #2]  238.8s goto https://zh.wikipedia.org/
[8773 #2]  240.3s loaded
[8773 #2]  240.3s evaluate scroll #241
[8773 #2]  241.0s wait #241
[8773 #2]  241.5s evaluate scroll #242
[8773 #2]  241.7s wait #242
[8773 #2]  242.2s evaluate scroll #243
[8773 #2]  242.3s wait #243
[8773 #2]  242.8s evaluate scroll #244
[8773 #2]  242.9s wait #244
[8773 #2]  243.4s evaluate scroll #245
[8773 #2]  243.5s wait #245
[8773 #2]  244.0s evaluate scroll #246
[8773 #2]  244.1s wait #246
[8773 #2]  244.6s evaluate scroll #247
[8773 #2]  244.6s wait #247
[8773 #2]  245.1s evaluate scroll #248
[8773 #2]  245.2s wait #248
[8773 #2]  245.8s evaluate scroll #249
[8773 #2]  245.9s wait #249
[8773 #2]  246.4s evaluate scroll #250
[8773 #2]  246.5s wait #250
[8773 #2]  247.0s evaluate scroll #251
[8773 #2]  247.1s wait #251
[8773 #2]  247.6s evaluate scroll #252
[8773 #2]  247.7s wait #252
[8773 #2]  248.2s evaluate scroll #253
[8773 #2]  248.3s wait #253
[8773 #2]  248.8s evaluate scroll #254
[8773 #2]  248.9s wait #254
[8773 #2]  249.4s evaluate scroll #255
[8773 #2]  249.5s wait #255
[8773 #2]  250.0s evaluate scroll #256
[8773 #2]  250.1s wait #256
[8773 #2]  250.7s evaluate scroll #257
[8773 #2]  250.7s wait #257
[8773 #2]  251.2s evaluate scroll #258
[8773 #2]  251.3s wait #258
[8773 #2]  251.8s evaluate scroll #259
[8773 #2]  251.9s wait #259
[8773 #2]  252.4s evaluate scroll #260
[8773 #2]  252.5s wait #260
[8773 #2]  253.0s goto https://zh.wikipedia.org/wiki/%E5%8F%B0%E5%8C%97101
[8773 #2]  254.5s loaded
[8773 #2]  254.5s evaluate scroll #261
[8773 #2]  255.2s wait #261
[8773 #2]  255.7s evaluate scroll #262
[8773 #2]  255.9s wait #262
[8773 #2]  256.4s evaluate scroll #263
[8773 #2]  256.5s wait #263
[8773 #2]  257.0s evaluate scroll #264
[8773 #2]  257.1s wait #264
[8773 #2]  257.6s evaluate scroll #265
[8773 #2]  257.6s wait #265
[8773 #2]  258.1s evaluate scroll #266
[8773 #2]  258.2s wait #266
[8773 #2]  258.8s evaluate scroll #267
[8773 #2]  258.8s wait #267
[8773 #2]  259.3s evaluate scroll #268
[8773 #2]  259.4s wait #268
[8773 #2]  259.9s evaluate scroll #269
[8773 #2]  260.3s wait #269
[8773 #2]  260.8s evaluate scroll #270
[8773 #2]  260.9s wait #270
[8773 #2]  261.4s evaluate scroll #271
[8773 #2]  261.5s wait #271
[8773 #2]  262.0s evaluate scroll #272
[8773 #2]  262.1s wait #272
[8773 #2]  262.6s evaluate scroll #273
[8773 #2]  262.7s wait #273
[8773 #2]  263.2s evaluate scroll #274
[8773 #2]  263.3s wait #274
[8773 #2]  263.8s evaluate scroll #275
[8773 #2]  263.9s wait #275
[8773 #2]  264.4s evaluate scroll #276
[8773 #2]  264.5s wait #276
[8773 #2]  265.0s evaluate scroll #277
[8773 #2]  265.1s wait #277
[8773 #2]  265.6s evaluate scroll #278
[8773 #2]  265.8s wait #278
[8773 #2]  266.3s evaluate scroll #279
[8773 #2]  266.4s wait #279
[8773 #2]  266.9s evaluate scroll #280
[8773 #2]  267.0s wait #280
[8773 #2]  267.5s goto https://github.com/explore
[8773 #2]  271.6s loaded
[8773 #2]  271.6s evaluate scroll #281
[8773 #2]  273.6s wait #281
[8773 #2]  274.1s evaluate scroll #282
[8773 #2]  274.4s wait #282
[8773 #2]  274.9s evaluate scroll #283
[8773 #2]  275.0s wait #283
[8773 #2]  275.5s evaluate scroll #284
[8773 #2]  275.6s wait #284
[8773 #2]  276.1s evaluate scroll #285
[8773 #2]  276.3s wait #285
[8773 #2]  276.8s evaluate scroll #286
[8773 #2]  276.9s wait #286
[8773 #2]  277.4s evaluate scroll #287
[8773 #2]  277.5s wait #287
[8773 #2]  278.0s evaluate scroll #288
[8773 #2]  278.1s wait #288
[8773 #2]  278.6s evaluate scroll #289
[8773 #2]  278.7s wait #289
[8s evaluate scroll #281
[8772 #2]  263.9s wait #281
[8772 #2]  264.4s evaluate scroll #282
[8772 #2]  264.4s wait #282
[8772 #2]  264.9s evaluate scroll #283
[8772 #2]  265.0s wait #283
[8772 #2]  265.5s evaluate scroll #284
[8772 #2]  265.6s wait #284
[8772 #2]  266.1s evaluate scroll #285
[8772 #2]  266.2s wait #285
[8772 #2]  266.7s evaluate scroll #286
[8772 #2]  266.8s wait #286
[8772 #2]  267.3s evaluate scroll #287
[8772 #2]  267.4s wait #287
[8772 #2]  267.9s evaluate scroll #288
[8772 #2]  268.3s wait #288
[8772 #2]  268.8s evaluate scroll #289
[8772 #2]  268.8s wait #289
[8772 #2]  269.3s evaluate scroll #290
[8772 #2]  269.4s wait #290
[8772 #2]  269.9s evaluate scroll #291
[8772 #2]  270.1s wait #291
[8772 #2]  270.6s evaluate scroll #292
[8772 #2]  270.7s wait #292
[8772 #2]  271.2s evaluate scroll #293
[8772 #2]  271.3s wait #293
[8772 #2]  271.8s evaluate scroll #294
[8772 #2]  271.9s wait #294
[8772 #2]  272.4s evaluate scroll #295
[8772 #2]  272.5s wait #295
[8772 #2]  273.0s evaluate scroll #296
[8772 #2]  273.1s wait #296
[8772 #2]  273.6s evaluate scroll #297
[8772 #2]  273.6s wait #297
[8772 #2]  274.2s evaluate scroll #298
[8772 #2]  274.3s wait #298
[8772 #2]  274.8s evaluate scroll #299
[8772 #2]  274.9s wait #299
[8772 #2]  275.4s evaluate scroll #300
[8772 #2]  275.5s wait #300
[8772 #2]  276.0s goto https://www.bbc.com/news
[8772 #2]  278.2s loaded
[8772 #2]  278.2s evaluate scroll #301
[8772 #2]  278.8s wait #301
[8772 #2]  279.3s evaluate scroll #302
[8772 #2]  279.5s wait #302
[8772 #2]  280.0s evaluate scroll #303
[8772 #2]  280.2s wait #303
[8772 #2]  280.7s evaluate scroll #304
[8772 #2]  281.0s wait #304
[8772 #2]  281.5s evaluate scroll #305
[8772 #2]  281.9s wait #305
[8772 #2]  282.4s evaluate scroll #306
[8772 #2]  282.7s wait #306
[8772 #2]  283.2s evaluate scroll #307
[8772 #2]  283.8s wait #307
[8772 #2]  284.3s evaluate scroll #308
[8772 #2]  284.6s wait #308
[8772 #2]  285.1s evaluate scroll #309
[8772 #2]  285.4s wait #309
[8772 #2]  285.9s evaluate scroll #310
[8772 #2]  285.9s wait #310
[8772 #2]  286.4s evaluate scroll #311
[8772 #2]  286.7s wait #311
[8772 #2]  287.2s evaluate scroll #312
[8772 #2]  287.4s wait #312
[8772 #2]  287.9s evaluate scroll #313
[8772 #2]  288.2s wait #313
[8772 #2]  288.7s evaluate scroll #314
[8772 #2]  289.2s wait #314
[8772 #2]  289.7s evaluate scroll #315
[8772 #2]  289.9s wait #315
[8772 #2]  290.4s evaluate scroll #316
[8772 #2]  290.7s wait #316
[8772 #2]  291.2s evaluate scroll #317
[8772 #2]  291.3s wait #317
[8772 #2]  291.8s evaluate scroll #318
[8772 #2]  291.9s wait #318
[8772 #2]  292.4s evaluate scroll #319
[8772 #2]  292.5s wait #319
[8772 #2]  293.0s evaluate scroll #320
[8772 #2]  293.4s wait #320
[8772 #2]  293.9s goto https://zh.wikipedia.org/
[8772 #2]  295.9s loaded
[8772 #2]  295.9s evaluate scroll #321
[8772 #2]  296.3s wait #321
[8772 #2]  296.8s evaluate scroll #322
[8772 #2]  297.0s wait #322
[8772 #2]  297.5s evaluate scroll #323
[8772 #2]  297.6s wait #323
[8772 #2]  298.1s evaluate scroll #324
[8772 #2]  298.2s wait #324
[8772 #2]  298.7s evaluate scroll #325
[8772 #2]  298.9s wait #325
[8772 #2]  299.4s evaluate scroll #326
[8772 #2]  299.5s wait #326
[8772 #2] RESULT OK 01M43MXQY192F2E1FPP2R1PYCX 
8773 #2]  279.2s evaluate scroll #290
[8773 #2]  279.3s wait #290
[8773 #2]  279.8s evaluate scroll #291
[8773 #2]  279.9s wait #291
[8773 #2]  280.4s evaluate scroll #292
[8773 #2]  280.6s wait #292
[8773 #2]  281.1s evaluate scroll #293
[8773 #2]  281.2s wait #293
[8773 #2]  281.7s evaluate scroll #294
[8773 #2]  281.8s wait #294
[8773 #2]  282.3s evaluate scroll #295
[8773 #2]  282.4s wait #295
[8773 #2]  282.9s evaluate scroll #296
[8773 #2]  283.0s wait #296
[8773 #2]  283.5s evaluate scroll #297
[8773 #2]  283.7s wait #297
[8773 #2]  284.2s evaluate scroll #298
[8773 #2]  284.4s wait #298
[8773 #2]  284.9s evaluate scroll #299
[8773 #2]  285.0s wait #299
[8773 #2]  285.5s evaluate scroll #300
[8773 #2]  285.6s wait #300
[8773 #2]  286.1s goto https://www.bbc.com/news
[8773 #2]  288.6s loaded
[8773 #2]  288.6s evaluate scroll #301
[8773 #2]  289.5s wait #301
[8773 #2]  290.0s evaluate scroll #302
[8773 #2]  290.2s wait #302
[8773 #2]  290.7s evaluate scroll #303
[8773 #2]  291.0s wait #303
[8773 #2]  291.5s evaluate scroll #304
[8773 #2]  291.9s wait #304
[8773 #2]  292.4s evaluate scroll #305
[8773 #2]  292.8s wait #305
[8773 #2]  293.3s evaluate scroll #306
[8773 #2]  293.6s wait #306
[8773 #2]  294.1s evaluate scroll #307
[8773 #2]  294.3s wait #307
[8773 #2]  294.8s evaluate scroll #308
[8773 #2]  295.2s wait #308
[8773 #2]  295.7s evaluate scroll #309
[8773 #2]  296.4s wait #309
[8773 #2]  296.9s evaluate scroll #310
[8773 #2]  297.1s wait #310
[8773 #2]  297.6s evaluate scroll #311
[8773 #2]  297.8s wait #311
[8773 #2]  298.3s evaluate scroll #312
[8773 #2]  298.5s wait #312
[8773 #2]  299.0s evaluate scroll #313
[8773 #2]  299.5s wait #313
[8773 #2]  300.0s evaluate scroll #314
[8773 #2]  300.2s wait #314
[8773 #2] RESULT OK 01M43MXR9AX4J5T850G4670H8C 
4s evaluate scroll #281
[8771 #2]  265.5s wait #281
[8771 #2]  266.0s evaluate scroll #282
[8771 #2]  266.2s wait #282
[8771 #2]  266.7s evaluate scroll #283
[8771 #2]  266.8s wait #283
[8771 #2]  267.3s evaluate scroll #284
[8771 #2]  267.4s wait #284
[8771 #2]  267.9s evaluate scroll #285
[8771 #2]  268.0s wait #285
[8771 #2]  268.5s evaluate scroll #286
[8771 #2]  268.6s wait #286
[8771 #2]  269.1s evaluate scroll #287
[8771 #2]  269.2s wait #287
[8771 #2]  269.7s evaluate scroll #288
[8771 #2]  269.8s wait #288
[8771 #2]  270.3s evaluate scroll #289
[8771 #2]  270.3s wait #289
[8771 #2]  270.8s evaluate scroll #290
[8771 #2]  271.0s wait #290
[8771 #2]  271.5s evaluate scroll #291
[8771 #2]  271.7s wait #291
[8771 #2]  272.2s evaluate scroll #292
[8771 #2]  272.3s wait #292
[8771 #2]  272.8s evaluate scroll #293
[8771 #2]  272.8s wait #293
[8771 #2]  273.3s evaluate scroll #294
[8771 #2]  273.5s wait #294
[8771 #2]  274.0s evaluate scroll #295
[8771 #2]  274.1s wait #295
[8771 #2]  274.6s evaluate scroll #296
[8771 #2]  274.7s wait #296
[8771 #2]  275.2s evaluate scroll #297
[8771 #2]  275.3s wait #297
[8771 #2]  275.8s evaluate scroll #298
[8771 #2]  275.9s wait #298
[8771 #2]  276.4s evaluate scroll #299
[8771 #2]  276.5s wait #299
[8771 #2]  277.0s evaluate scroll #300
[8771 #2]  277.1s wait #300
[8771 #2]  277.6s goto https://www.bbc.com/news
[8771 #2]  279.8s loaded
[8771 #2]  279.8s evaluate scroll #301
[8771 #2]  280.1s wait #301
[8771 #2]  280.6s evaluate scroll #302
[8771 #2]  280.7s wait #302
[8771 #2]  281.2s evaluate scroll #303
[8771 #2]  281.5s wait #303
[8771 #2]  282.0s evaluate scroll #304
[8771 #2]  282.2s wait #304
[8771 #2]  282.7s evaluate scroll #305
[8771 #2]  283.0s wait #305
[8771 #2]  283.5s evaluate scroll #306
[8771 #2]  283.8s wait #306
[8771 #2]  284.3s evaluate scroll #307
[8771 #2]  284.8s wait #307
[8771 #2]  285.3s evaluate scroll #308
[8771 #2]  285.9s wait #308
[8771 #2]  286.4s evaluate scroll #309
[8771 #2]  286.7s wait #309
[8771 #2]  287.2s evaluate scroll #310
[8771 #2]  287.3s wait #310
[8771 #2]  287.8s evaluate scroll #311
[8771 #2]  287.9s wait #311
[8771 #2]  288.4s evaluate scroll #312
[8771 #2]  289.3s wait #312
[8771 #2]  289.8s evaluate scroll #313
[8771 #2]  290.2s wait #313
[8771 #2]  290.7s evaluate scroll #314
[8771 #2]  291.0s wait #314
[8771 #2]  291.6s evaluate scroll #315
[8771 #2]  291.8s wait #315
[8771 #2]  292.3s evaluate scroll #316
[8771 #2]  292.4s wait #316
[8771 #2]  292.9s evaluate scroll #317
[8771 #2]  293.4s wait #317
[8771 #2]  293.9s evaluate scroll #318
[8771 #2]  294.5s wait #318
[8771 #2]  295.0s evaluate scroll #319
[8771 #2]  295.3s wait #319
[8771 #2]  295.8s evaluate scroll #320
[8771 #2]  295.9s wait #320
[8771 #2]  296.4s goto https://zh.wikipedia.org/
[8771 #2]  298.7s loaded
[8771 #2]  298.7s evaluate scroll #321
[8771 #2]  299.1s wait #321
[8771 #2]  299.6s evaluate scroll #322
[8771 #2]  299.7s wait #322
[8771 #2] RESULT OK 01M43MXR32P2EDT2KB9BV954G1 
8774 #2]  264.2s evaluate scroll #290
[8774 #2]  264.3s wait #290
[8774 #2]  264.8s evaluate scroll #291
[8774 #2]  264.9s wait #291
[8774 #2]  265.4s evaluate scroll #292
[8774 #2]  265.5s wait #292
[8774 #2]  266.0s evaluate scroll #293
[8774 #2]  266.1s wait #293
[8774 #2]  266.6s evaluate scroll #294
[8774 #2]  266.7s wait #294
[8774 #2]  267.2s evaluate scroll #295
[8774 #2]  267.5s wait #295
[8774 #2]  268.0s evaluate scroll #296
[8774 #2]  268.1s wait #296
[8774 #2]  268.6s evaluate scroll #297
[8774 #2]  268.7s wait #297
[8774 #2]  269.2s evaluate scroll #298
[8774 #2]  269.3s wait #298
[8774 #2]  269.8s evaluate scroll #299
[8774 #2]  269.9s wait #299
[8774 #2]  270.4s evaluate scroll #300
[8774 #2]  270.5s wait #300
[8774 #2]  271.0s goto https://www.bbc.com/news
[8774 #2]  272.9s loaded
[8774 #2]  272.9s evaluate scroll #301
[8774 #2]  273.5s wait #301
[8774 #2]  274.0s evaluate scroll #302
[8774 #2]  274.1s wait #302
[8774 #2]  274.6s evaluate scroll #303
[8774 #2]  274.8s wait #303
[8774 #2]  275.3s evaluate scroll #304
[8774 #2]  275.7s wait #304
[8774 #2]  276.2s evaluate scroll #305
[8774 #2]  276.4s wait #305
[8774 #2]  276.9s evaluate scroll #306
[8774 #2]  276.9s wait #306
[8774 #2]  277.4s evaluate scroll #307
[8774 #2]  277.9s wait #307
[8774 #2]  278.4s evaluate scroll #308
[8774 #2]  278.6s wait #308
[8774 #2]  279.1s evaluate scroll #309
[8774 #2]  279.2s wait #309
[8774 #2]  279.7s evaluate scroll #310
[8774 #2]  279.9s wait #310
[8774 #2]  280.4s evaluate scroll #311
[8774 #2]  280.5s wait #311
[8774 #2]  281.0s evaluate scroll #312
[8774 #2]  281.4s wait #312
[8774 #2]  281.9s evaluate scroll #313
[8774 #2]  282.1s wait #313
[8774 #2]  282.6s evaluate scroll #314
[8774 #2]  282.6s wait #314
[8774 #2]  283.1s evaluate scroll #315
[8774 #2]  283.3s wait #315
[8774 #2]  283.8s evaluate scroll #316
[8774 #2]  283.9s wait #316
[8774 #2]  284.4s evaluate scroll #317
[8774 #2]  284.6s wait #317
[8774 #2]  285.1s evaluate scroll #318
[8774 #2]  285.2s wait #318
[8774 #2]  285.7s evaluate scroll #319
[8774 #2]  285.9s wait #319
[8774 #2]  286.4s evaluate scroll #320
[8774 #2]  286.5s wait #320
[8774 #2]  287.0s goto https://zh.wikipedia.org/
[8774 #2]  288.8s loaded
[8774 #2]  288.8s evaluate scroll #321
[8774 #2]  289.2s wait #321
[8774 #2]  289.7s evaluate scroll #322
[8774 #2]  289.8s wait #322
[8774 #2]  290.3s evaluate scroll #323
[8774 #2]  290.5s wait #323
[8774 #2]  291.0s evaluate scroll #324
[8774 #2]  291.1s wait #324
[8774 #2]  291.6s evaluate scroll #325
[8774 #2]  291.7s wait #325
[8774 #2]  292.2s evaluate scroll #326
[8774 #2]  292.3s wait #326
[8774 #2]  292.8s evaluate scroll #327
[8774 #2]  292.9s wait #327
[8774 #2]  293.4s evaluate scroll #328
[8774 #2]  293.5s wait #328
[8774 #2]  294.0s evaluate scroll #329
[8774 #2]  294.2s wait #329
[8774 #2]  294.7s evaluate scroll #330
[8774 #2]  294.8s wait #330
[8774 #2]  295.3s evaluate scroll #331
[8774 #2]  295.4s wait #331
[8774 #2]  295.9s evaluate scroll #332
[8774 #2]  296.0s wait #332
[8774 #2]  296.5s evaluate scroll #333
[8774 #2]  296.7s wait #333
[8774 #2]  297.2s evaluate scroll #334
[8774 #2]  297.3s wait #334
[8774 #2]  297.8s evaluate scroll #335
[8774 #2]  297.9s wait #335
[8774 #2]  298.4s evaluate scroll #336
[8774 #2]  298.5s wait #336
[8774 #2]  299.0s evaluate scroll #337
[8774 #2]  299.1s wait #337
[8774 #2]  299.6s evaluate scroll #338
[8774 #2]  300.1s wait #338
[8774 #2] RESULT OK 01M43MXR9Z49VGZC0DK1RTEXQX 
[8771 #3]    0.0s session 01M43N704MAWFR391B0ZK753AD browser wp6_viewport-M5wOn5rphr
[8771 #3]    0.1s liveview opened
[8771 #3] viewer_requested {'ua': 'Mozilla/5.0 (iPhone; CPU iPhone OS 18_7 like Mac OS X) AppleWebKit/605.1.15 (KHTML, like Gecko) Version/26.5 Mobile/15E1'}
[8771 #3] viewer_page_loaded {'sincePageStartMs': 57, 'userAgent': 'Mozilla/5.0 (iPhone; CPU iPhone OS 18_7 like Mac OS X) AppleWebKit/605.1.15 (KHTML, like Gecko) Version/26.5 Mobile/15E148 Safari/604.1', 'secureContext': True}
[8771 #3]    0.9s cdp connected
[8771 #3]    0.9s goto https://zh.wikipedia.org/
[8771 #3] viewer_authenticated {'sincePageStartMs': 798}
[8771 #3] viewer_connected {'sincePageStartMs': 1362}
[8771 #3]    2.8s loaded
[8771 #3]    2.8s evaluate scroll #1
[8771 #3]    3.2s wait #1
[8771 #3] viewer_first_frame {'sincePageStartMs': 3285}
[8771 #3]    3.7s evaluate scroll #2
[8771 #3]    4.2s wait #2
[8771 #3]    4.7s evaluate scroll #3
[8771 #3]    4.8s wait #3
[8771 #3]    5.3s evaluate scroll #4
[8771 #3]    5.4s wait #4
[8771 #3]    5.9s evaluate scroll #5
[8771 #3]    7.7s wait #5
[8771 #3]    8.2s evaluate scroll #6
[8771 #3]    8.3s wait #6
[8771 #3]    8.8s evaluate scroll #7
[8771 #3]    8.9s wait #7
[8771 #3]    9.5s evaluate scroll #8
[8771 #3]    9.6s wait #8
[8771 #3]   10.1s evaluate scroll #9
[8771 #3]   10.2s wait #9
[8771 #3]   10.7s evaluate scroll #10
[8771 #3]   10.8s wait #10
[8771 #3]   11.3s evaluate scroll #11
[8771 #3]   11.4s wait #11
[8771 #3]   11.9s evaluate scroll #12
[8771 #3]   12.0s wait #12
[8771 #3]   12.5s evaluate scroll #13
[8771 #3]   12.6s wait #13
[8771 #3]   13.1s evaluate scroll #14
[8771 #3]   13.2s wait #14
[8771 #3]   13.7s evaluate scroll #15
[8771 #3]   13.9s wait #15
[8771 #3]   14.4s evaluate scroll #16
[8771 #3]   14.5s wait #16
[8771 #3]   15.0s evaluate scroll #17
[8771 #3]   15.1s wait #17
[8771 #3]   15.6s evaluate scroll #18
[8771 #3]   15.8s wait #18
[8771 #3]   16.3s evaluate scroll #19
[8771 #3]   16.4s wait #19
[8771 #3]   16.9s evaluate scroll #20
[8771 #3]   17.1s wait #20
[8771 #3]   17.6s goto https://zh.wikipedia.org/wiki/%E5%8F%B0%E5%8C%97101
[8771 #3]   19.3s loaded
[8771 #3]   19.3s evaluate scroll #21
[8771 #3]   19.6s wait #21
[8771 #3]   20.1s evaluate scroll #22
[8771 #3]   20.3s wait #22
[8771 #3]   20.8s evaluate scroll #23
[8771 #3]   20.9s wait #23
[8771 #3]   21.4s evaluate scroll #24
[8771 #3]   21.5s wait #24
[8771 #3]   22.0s evaluate scroll #25
[8771 #3]   22.1s wait #25
[8771 #3]   22.6s evaluate scroll #26
[8771 #3]   22.8s wait #26
[8771 #3]   23.3s evaluate scroll #27
[8771 #3]   23.4s wait #27
[8771 #3]   23.9s evaluate scroll #28
[8771 #3]   24.0s wait #28
[8771 #3]   24.5s evaluate scroll #29
[8771 #3]   24.6s wait #29
[8771 #3]   25.1s evaluate scroll #30
[8771 #3]   25.2s wait #30
[8771 #3]   25.7s evaluate scroll #31
[8771 #3]   25.8s wait #31
[8771 #3]   26.3s evaluate scroll #32
[8771 #3]   26.4s wait #32
[8771 #3]   26.9s evaluate scroll #33
[8771 #3]   27.0s wait #33
[8771 #3]   27.5s evaluate scroll #34
[8771 #3]   27.6s wait #34
[8771 #3]   28.1s evaluate scroll #35
[8771 #3]   28.2s wait #35
[8771 #3]   28.7s evaluate scroll #36
[8771 #3]   28.8s wait #36
[8771 #3]   29.3s evaluate scroll #37
[8771 #3]   29.4s wait #37
[8771 #3]   29.9s evaluate scroll #38
[8771 #3]   30.0s wait #38
[8771 #3]   30.5s evaluate scroll #39
[8771 #3]   30.6s wait #39
[8771 #3]   31.1s evaluate scroll #40
[8771 #3]   31.1s wait #40
[8771 #3]   31.6s goto https://github.com/explore
[8771 #3]   36.6s loaded
[8771 #3]   36.6s evaluate scroll #41
[8771 #3]   37.6s wait #41
[8771 #3]   38.1s evaluate scroll #42
[8771 #3]   38.2s wait #42
[8771 #3]   38.7s evaluate scroll #43
[8771 #3]   38.8s wait #43
[8771 #3]   39.3s evaluate scroll #44
[8771 #3]   39.4s wait #44
[8771 #3]   39.9s evaluate scroll #45
[8771 #3]   40.0s wait #45
[8771 #3]   40.5s evaluate scroll #46
[8771 #3]   40.5s wait #46
[8771 #3]   41.0s evaluate scroll #47
[8771 #3]   41.2s wait #47
[8771 #3]   41.7s evaluate scroll #48
[8771 #3]   41.8s wait #48
[8771 #3]   42.3s evaluate scroll #49
[8[8772 #3]    0.0s session 01M43N6ZS3TCZAGR6ENVBXN1N1 browser wp6_viewport-M5wOn5rphr
[8772 #3]    0.2s liveview opened
[8772 #3] viewer_requested {'ua': 'Mozilla/5.0 (iPhone; CPU iPhone OS 18_7 like Mac OS X) AppleWebKit/605.1.15 (KHTML, like Gecko) Version/26.5 Mobile/15E1'}
[8772 #3] viewer_page_loaded {'sincePageStartMs': 44, 'userAgent': 'Mozilla/5.0 (iPhone; CPU iPhone OS 18_7 like Mac OS X) AppleWebKit/605.1.15 (KHTML, like Gecko) Version/26.5 Mobile/15E148 Safari/604.1', 'secureContext': True}
[8772 #3] viewer_authenticated {'sincePageStartMs': 716}
[8772 #3]    1.2s cdp connected
[8772 #3]    1.2s goto https://zh.wikipedia.org/
[8772 #3] viewer_connected {'sincePageStartMs': 1279}
[8772 #3]    3.0s loaded
[8772 #3]    3.0s evaluate scroll #1
[8772 #3] viewer_first_frame {'sincePageStartMs': 2814}
[8772 #3]    3.5s wait #1
[8772 #3]    4.0s evaluate scroll #2
[8772 #3]    4.3s wait #2
[8772 #3]    4.8s evaluate scroll #3
[8772 #3]    5.1s wait #3
[8772 #3]    5.6s evaluate scroll #4
[8772 #3]    5.7s wait #4
[8772 #3]    6.2s evaluate scroll #5
[8772 #3]    9.5s wait #5
[8772 #3]   10.0s evaluate scroll #6
[8772 #3]   10.1s wait #6
[8772 #3]   10.6s evaluate scroll #7
[8772 #3]   10.8s wait #7
[8772 #3]   11.3s evaluate scroll #8
[8772 #3]   11.4s wait #8
[8772 #3]   11.9s evaluate scroll #9
[8772 #3]   12.0s wait #9
[8772 #3]   12.5s evaluate scroll #10
[8772 #3]   12.6s wait #10
[8772 #3]   13.1s evaluate scroll #11
[8772 #3]   13.3s wait #11
[8772 #3]   13.8s evaluate scroll #12
[8772 #3]   13.9s wait #12
[8772 #3]   14.4s evaluate scroll #13
[8772 #3]   14.5s wait #13
[8772 #3]   15.0s evaluate scroll #14
[8772 #3]   15.2s wait #14
[8772 #3]   15.7s evaluate scroll #15
[8772 #3]   15.8s wait #15
[8772 #3]   16.3s evaluate scroll #16
[8772 #3]   16.4s wait #16
[8772 #3]   16.9s evaluate scroll #17
[8772 #3]   17.1s wait #17
[8772 #3]   17.6s evaluate scroll #18
[8772 #3]   17.6s wait #18
[8772 #3]   18.1s evaluate scroll #19
[8772 #3]   18.2s wait #19
[8772 #3]   18.7s evaluate scroll #20
[8772 #3]   18.8s wait #20
[8772 #3]   19.3s goto https://zh.wikipedia.org/wiki/%E5%8F%B0%E5%8C%97101
[8772 #3]   20.9s loaded
[8772 #3]   20.9s evaluate scroll #21
[8772 #3]   21.4s wait #21
[8772 #3]   21.9s evaluate scroll #22
[8772 #3]   22.0s wait #22
[8772 #3]   22.5s evaluate scroll #23
[8772 #3]   22.5s wait #23
[8772 #3]   23.0s evaluate scroll #24
[8772 #3]   23.2s wait #24
[8772 #3]   23.7s evaluate scroll #25
[8772 #3]   23.8s wait #25
[8772 #3]   24.3s evaluate scroll #26
[8772 #3]   24.4s wait #26
[8772 #3]   24.9s evaluate scroll #27
[8772 #3]   25.0s wait #27
[8772 #3]   25.5s evaluate scroll #28
[8772 #3]   25.6s wait #28
[8772 #3]   26.1s evaluate scroll #29
[8772 #3]   26.3s wait #29
[8772 #3]   26.8s evaluate scroll #30
[8772 #3]   27.0s wait #30
[8772 #3]   27.5s evaluate scroll #31
[8772 #3]   27.5s wait #31
[8772 #3]   28.0s evaluate scroll #32
[8772 #3]   28.1s wait #32
[8772 #3]   28.6s evaluate scroll #33
[8772 #3]   28.7s wait #33
[8772 #3]   29.2s evaluate scroll #34
[8772 #3]   29.3s wait #34
[8772 #3]   29.8s evaluate scroll #35
[8772 #3]   29.9s wait #35
[8772 #3]   30.4s evaluate scroll #36
[8772 #3]   30.5s wait #36
[8772 #3]   31.0s evaluate scroll #37
[8772 #3]   31.2s wait #37
[8772 #3]   31.7s evaluate scroll #38
[8772 #3]   31.8s wait #38
[8772 #3]   32.3s evaluate scroll #39
[8772 #3]   32.3s wait #39
[8772 #3]   32.8s evaluate scroll #40
[8772 #3]   32.9s wait #40
[8772 #3]   33.4s goto https://github.com/explore
[8772 #3]   38.3s loaded
[8772 #3]   38.3s evaluate scroll #41
[8772 #3]   39.2s wait #41
[8772 #3]   39.7s evaluate scroll #42
[8772 #3]   39.8s wait #42
[8772 #3]   40.3s evaluate scroll #43
[8772 #3]   40.5s wait #43
[8772 #3]   41.0s evaluate scroll #44
[8772 #3]   41.1s wait #44
[8772 #3]   41.6s evaluate scroll #45
[8772 #3]   41.7s wait #45
[8772 #3]   42.2s evaluate scroll #46
[8772 #3]   42.3s wait #46
[8772 #3]   42.8s evaluate scroll #47
[8772 #3]   42.9s wait #47
[8772 #3]   43.4s evaluate scroll #48
[8772 #3]   43.5s wait #48
[8772 #3]   44.0s evaluate scroll #49
[8[8774 #3]    0.0s session 01M43N70CR7V3X0ZGDPWHAKWPC browser wp6_viewport-M5wOn5rphr
[8774 #3]    0.9s cdp connected
[8774 #3]    0.9s goto https://zh.wikipedia.org/
[8774 #3]    2.7s loaded
[8774 #3]    2.7s evaluate scroll #1
[8774 #3]    3.4s wait #1
[8774 #3]    3.9s evaluate scroll #2
[8774 #3]    4.1s wait #2
[8774 #3]    4.6s evaluate scroll #3
[8774 #3]    4.7s wait #3
[8774 #3]    5.2s evaluate scroll #4
[8774 #3]    5.4s wait #4
[8774 #3]    5.9s evaluate scroll #5
[8774 #3]    8.6s wait #5
[8774 #3]    9.1s evaluate scroll #6
[8774 #3]    9.2s wait #6
[8774 #3]    9.7s evaluate scroll #7
[8774 #3]    9.8s wait #7
[8774 #3]   10.3s evaluate scroll #8
[8774 #3]   10.4s wait #8
[8774 #3]   10.9s evaluate scroll #9
[8774 #3]   11.0s wait #9
[8774 #3]   11.5s evaluate scroll #10
[8774 #3]   11.7s wait #10
[8774 #3]   12.2s evaluate scroll #11
[8774 #3]   12.3s wait #11
[8774 #3]   12.8s evaluate scroll #12
[8774 #3]   12.9s wait #12
[8774 #3]   13.4s evaluate scroll #13
[8774 #3]   13.5s wait #13
[8774 #3]   14.0s evaluate scroll #14
[8774 #3]   14.2s wait #14
[8774 #3]   14.7s evaluate scroll #15
[8774 #3]   14.9s wait #15
[8774 #3]   15.4s evaluate scroll #16
[8774 #3]   15.5s wait #16
[8774 #3]   16.0s evaluate scroll #17
[8774 #3]   16.1s wait #17
[8774 #3]   16.6s evaluate scroll #18
[8774 #3]   16.7s wait #18
[8774 #3]   17.2s evaluate scroll #19
[8774 #3]   17.3s wait #19
[8774 #3]   17.8s evaluate scroll #20
[8774 #3]   17.9s wait #20
[8774 #3]   18.4s goto https://zh.wikipedia.org/wiki/%E5%8F%B0%E5%8C%97101
[8774 #3]   19.9s loaded
[8774 #3]   19.9s evaluate scroll #21
[8774 #3]   20.3s wait #21
[8774 #3]   20.8s evaluate scroll #22
[8774 #3]   21.0s wait #22
[8774 #3]   21.5s evaluate scroll #23
[8774 #3]   21.5s wait #23
[8774 #3]   22.0s evaluate scroll #24
[8774 #3]   22.2s wait #24
[8774 #3]   22.7s evaluate scroll #25
[8774 #3]   22.8s wait #25
[8774 #3]   23.3s evaluate scroll #26
[8774 #3]   23.4s wait #26
[8774 #3]   23.9s evaluate scroll #27
[8774 #3]   24.0s wait #27
[8774 #3]   24.5s evaluate scroll #28
[8774 #3]   24.6s wait #28
[8774 #3]   25.1s evaluate scroll #29
[8774 #3]   25.3s wait #29
[8774 #3]   25.8s evaluate scroll #30
[8774 #3]   25.9s wait #30
[8774 #3]   26.4s evaluate scroll #31
[8774 #3]   26.4s wait #31
[8774 #3]   26.9s evaluate scroll #32
[8774 #3]   27.0s wait #32
[8774 #3]   27.5s evaluate scroll #33
[8774 #3]   27.6s wait #33
[8774 #3]   28.1s evaluate scroll #34
[8774 #3]   28.2s wait #34
[8774 #3]   28.7s evaluate scroll #35
[8774 #3]   28.8s wait #35
[8774 #3]   29.3s evaluate scroll #36
[8774 #3]   29.5s wait #36
[8774 #3]   30.0s evaluate scroll #37
[8774 #3]   30.1s wait #37
[8774 #3]   30.6s evaluate scroll #38
[8774 #3]   30.6s wait #38
[8774 #3]   31.1s evaluate scroll #39
[8774 #3]   31.2s wait #39
[8774 #3]   31.7s evaluate scroll #40
[8774 #3]   31.8s wait #40
[8774 #3]   32.3s goto https://github.com/explore
[8774 #3]   36.9s loaded
[8774 #3]   36.9s evaluate scroll #41
[8774 #3]   37.9s wait #41
[8774 #3]   38.4s evaluate scroll #42
[8774 #3]   38.5s wait #42
[8774 #3]   39.0s evaluate scroll #43
[8774 #3]   39.1s wait #43
[8774 #3]   39.6s evaluate scroll #44
[8774 #3]   39.7s wait #44
[8774 #3]   40.2s evaluate scroll #45
[8774 #3]   40.3s wait #45
[8774 #3]   40.8s evaluate scroll #46
[8774 #3]   40.8s wait #46
[8774 #3]   41.3s evaluate scroll #47
[8774 #3]   41.4s wait #47
[8774 #3]   41.9s evaluate scroll #48
[8774 #3]   42.1s wait #48
[8774 #3]   42.6s evaluate scroll #49
[8774 #3]   42.7s wait #49
[8774 #3]   43.2s evaluate scroll #50
[8774 #3]   43.3s wait #50
[8774 #3]   43.8s evaluate scroll #51
[8774 #3]   43.8s wait #51
[8774 #3]   44.4s evaluate scroll #52
[8774 #3]   44.4s wait #52
[8774 #3]   44.9s evaluate scroll #53
[8774 #3]   45.0s wait #53
[8774 #3]   45.5s evaluate scroll #54
[8774 #3]   45.6s wait #54
[8774 #3]   46.1s evaluate scroll #55
[8774 #3]   46.2s wait #55
[8774 #3]   46.7s evaluate scroll #56
[8774 #3]   46.9s wait #56
[8774 #3]   47.4s evaluate scroll #57
[8774 #3]   47.4s wait #57
[8774 #3]   47.9s evaluate scroll #58
[8774[8773 #3]    0.0s session 01M43N6ZTE5ZF1X641H507VB8F browser wp6_viewport-M5wOn5rphr
[8773 #3]    0.9s cdp connected
[8773 #3]    0.9s goto https://zh.wikipedia.org/
[8773 #3]    2.5s loaded
[8773 #3]    2.5s evaluate scroll #1
[8773 #3]    3.2s wait #1
[8773 #3]    3.7s evaluate scroll #2
[8773 #3]    3.9s wait #2
[8773 #3]    4.4s evaluate scroll #3
[8773 #3]    4.4s wait #3
[8773 #3]    4.9s evaluate scroll #4
[8773 #3]    5.1s wait #4
[8773 #3]    5.6s evaluate scroll #5
[8773 #3]    8.8s wait #5
[8773 #3]    9.3s evaluate scroll #6
[8773 #3]    9.5s wait #6
[8773 #3]   10.0s evaluate scroll #7
[8773 #3]   10.1s wait #7
[8773 #3]   10.6s evaluate scroll #8
[8773 #3]   10.7s wait #8
[8773 #3]   11.2s evaluate scroll #9
[8773 #3]   11.3s wait #9
[8773 #3]   11.8s evaluate scroll #10
[8773 #3]   11.9s wait #10
[8773 #3]   12.4s evaluate scroll #11
[8773 #3]   12.6s wait #11
[8773 #3]   13.1s evaluate scroll #12
[8773 #3]   13.2s wait #12
[8773 #3]   13.7s evaluate scroll #13
[8773 #3]   13.8s wait #13
[8773 #3]   14.3s evaluate scroll #14
[8773 #3]   14.4s wait #14
[8773 #3]   14.9s evaluate scroll #15
[8773 #3]   15.1s wait #15
[8773 #3]   15.6s evaluate scroll #16
[8773 #3]   15.7s wait #16
[8773 #3]   16.2s evaluate scroll #17
[8773 #3]   16.3s wait #17
[8773 #3]   16.8s evaluate scroll #18
[8773 #3]   16.9s wait #18
[8773 #3]   17.4s evaluate scroll #19
[8773 #3]   17.5s wait #19
[8773 #3]   18.0s evaluate scroll #20
[8773 #3]   18.2s wait #20
[8773 #3]   18.7s goto https://zh.wikipedia.org/wiki/%E5%8F%B0%E5%8C%97101
[8773 #3]   20.1s loaded
[8773 #3]   20.1s evaluate scroll #21
[8773 #3]   20.9s wait #21
[8773 #3]   21.4s evaluate scroll #22
[8773 #3]   21.5s wait #22
[8773 #3]   22.0s evaluate scroll #23
[8773 #3]   22.1s wait #23
[8773 #3]   22.6s evaluate scroll #24
[8773 #3]   22.7s wait #24
[8773 #3]   23.2s evaluate scroll #25
[8773 #3]   23.3s wait #25
[8773 #3]   23.8s evaluate scroll #26
[8773 #3]   23.9s wait #26
[8773 #3]   24.4s evaluate scroll #27
[8773 #3]   24.5s wait #27
[8773 #3]   25.0s evaluate scroll #28
[8773 #3]   25.4s wait #28
[8773 #3]   25.9s evaluate scroll #29
[8773 #3]   26.0s wait #29
[8773 #3]   26.5s evaluate scroll #30
[8773 #3]   26.5s wait #30
[8773 #3]   27.0s evaluate scroll #31
[8773 #3]   27.2s wait #31
[8773 #3]   27.7s evaluate scroll #32
[8773 #3]   27.8s wait #32
[8773 #3]   28.3s evaluate scroll #33
[8773 #3]   28.6s wait #33
[8773 #3]   29.1s evaluate scroll #34
[8773 #3]   29.3s wait #34
[8773 #3]   29.8s evaluate scroll #35
[8773 #3]   29.9s wait #35
[8773 #3]   30.4s evaluate scroll #36
[8773 #3]   30.5s wait #36
[8773 #3]   31.0s evaluate scroll #37
[8773 #3]   31.0s wait #37
[8773 #3]   31.5s evaluate scroll #38
[8773 #3]   31.6s wait #38
[8773 #3]   32.1s evaluate scroll #39
[8773 #3]   32.2s wait #39
[8773 #3]   32.7s evaluate scroll #40
[8773 #3]   32.8s wait #40
[8773 #3]   33.3s goto https://github.com/explore
[8773 #3]   38.0s loaded
[8773 #3]   38.0s evaluate scroll #41
[8773 #3]   39.0s wait #41
[8773 #3]   39.5s evaluate scroll #42
[8773 #3]   39.6s wait #42
[8773 #3]   40.1s evaluate scroll #43
[8773 #3]   40.2s wait #43
[8773 #3]   40.7s evaluate scroll #44
[8773 #3]   40.9s wait #44
[8773 #3]   41.4s evaluate scroll #45
[8773 #3]   41.5s wait #45
[8773 #3]   42.0s evaluate scroll #46
[8773 #3]   42.0s wait #46
[8773 #3]   42.5s evaluate scroll #47
[8773 #3]   42.6s wait #47
[8773 #3]   43.1s evaluate scroll #48
[8773 #3]   43.2s wait #48
[8773 #3]   43.7s evaluate scroll #49
[8773 #3]   43.7s wait #49
[8773 #3]   44.2s evaluate scroll #50
[8773 #3]   44.3s wait #50
[8773 #3]   44.8s evaluate scroll #51
[8773 #3]   45.0s wait #51
[8773 #3]   45.5s evaluate scroll #52
[8773 #3]   45.6s wait #52
[8773 #3]   46.1s evaluate scroll #53
[8773 #3]   46.2s wait #53
[8773 #3]   46.7s evaluate scroll #54
[8773 #3]   46.7s wait #54
[8773 #3]   47.2s evaluate scroll #55
[8773 #3]   47.3s wait #55
[8773 #3]   47.8s evaluate scroll #56
[8773 #3]   47.9s wait #56
[8773 #3]   48.4s evaluate scroll #57
[8773 #3]   48.5s wait #57
[8773 #3]   49.0s evaluate scroll #58
[8773771 #3]   42.3s wait #49
[8771 #3]   42.8s evaluate scroll #50
[8771 #3]   42.9s wait #50
[8771 #3]   43.4s evaluate scroll #51
[8771 #3]   43.5s wait #51
[8771 #3]   44.0s evaluate scroll #52
[8771 #3]   44.1s wait #52
[8771 #3]   44.6s evaluate scroll #53
[8771 #3]   44.7s wait #53
[8771 #3]   45.2s evaluate scroll #54
[8771 #3]   45.3s wait #54
[8771 #3]   45.8s evaluate scroll #55
[8771 #3]   45.8s wait #55
[8771 #3]   46.3s evaluate scroll #56
[8771 #3]   46.5s wait #56
[8771 #3]   47.0s evaluate scroll #57
[8771 #3]   47.1s wait #57
[8771 #3]   47.6s evaluate scroll #58
[8771 #3]   47.7s wait #58
[8771 #3]   48.2s evaluate scroll #59
[8771 #3]   48.2s wait #59
[8771 #3]   48.7s evaluate scroll #60
[8771 #3]   48.8s wait #60
[8771 #3]   49.3s goto https://www.bbc.com/news
[8771 #3]   52.0s loaded
[8771 #3]   52.0s evaluate scroll #61
[8771 #3]   52.5s wait #61
[8771 #3]   53.0s evaluate scroll #62
[8771 #3]   53.3s wait #62
[8771 #3]   53.8s evaluate scroll #63
[8771 #3]   54.2s wait #63
[8771 #3]   54.7s evaluate scroll #64
[8771 #3]   55.2s wait #64
[8771 #3]   55.8s evaluate scroll #65
[8771 #3]   56.1s wait #65
[8771 #3]   56.6s evaluate scroll #66
[8771 #3]   57.0s wait #66
[8771 #3]   57.5s evaluate scroll #67
[8771 #3]   58.2s wait #67
[8771 #3]   58.7s evaluate scroll #68
[8771 #3]   59.0s wait #68
[8771 #3]   59.5s evaluate scroll #69
[8771 #3]   59.8s wait #69
[8771 #3]   60.3s evaluate scroll #70
[8771 #3]   60.6s wait #70
[8771 #3]   61.1s evaluate scroll #71
[8771 #3]   62.3s wait #71
[8771 #3]   62.8s evaluate scroll #72
[8771 #3]   63.2s wait #72
[8771 #3]   63.7s evaluate scroll #73
[8771 #3]   64.1s wait #73
[8771 #3]   64.6s evaluate scroll #74
[8771 #3]   64.7s wait #74
[8771 #3]   65.2s evaluate scroll #75
[8771 #3]   65.5s wait #75
[8771 #3]   66.0s evaluate scroll #76
[8771 #3]   66.8s wait #76
[8771 #3]   67.3s evaluate scroll #77
[8771 #3]   67.6s wait #77
[8771 #3]   68.1s evaluate scroll #78
[8771 #3]   68.3s wait #78
[8771 #3]   68.8s evaluate scroll #79
[8771 #3]   68.9s wait #79
[8771 #3]   69.4s evaluate scroll #80
[8771 #3]   69.7s wait #80
[8771 #3]   70.2s goto https://zh.wikipedia.org/
[8771 #3]   72.3s loaded
[8771 #3]   72.3s evaluate scroll #81
[8771 #3]   72.9s wait #81
[8771 #3]   73.4s evaluate scroll #82
[8771 #3]   73.5s wait #82
[8771 #3]   74.0s evaluate scroll #83
[8771 #3]   74.1s wait #83
[8771 #3]   74.6s evaluate scroll #84
[8771 #3]   74.8s wait #84
[8771 #3]   75.3s evaluate scroll #85
[8771 #3]   75.4s wait #85
[8771 #3]   75.9s evaluate scroll #86
[8771 #3]   76.0s wait #86
[8771 #3]   76.5s evaluate scroll #87
[8771 #3]   76.9s wait #87
[8771 #3]   77.4s evaluate scroll #88
[8771 #3]   77.5s wait #88
[8771 #3]   78.0s evaluate scroll #89
[8771 #3]   78.2s wait #89
[8771 #3]   78.7s evaluate scroll #90
[8771 #3]   78.8s wait #90
[8771 #3]   79.3s evaluate scroll #91
[8771 #3]   79.4s wait #91
[8771 #3]   79.9s evaluate scroll #92
[8771 #3]   80.1s wait #92
[8771 #3]   80.6s evaluate scroll #93
[8771 #3]   80.7s wait #93
[8771 #3]   81.2s evaluate scroll #94
[8771 #3]   81.4s wait #94
[8771 #3]   81.9s evaluate scroll #95
[8771 #3]   82.0s wait #95
[8771 #3]   82.5s evaluate scroll #96
[8771 #3]   82.6s wait #96
[8771 #3]   83.1s evaluate scroll #97
[8771 #3]   83.2s wait #97
[8771 #3]   83.7s evaluate scroll #98
[8771 #3]   83.9s wait #98
[8771 #3]   84.4s evaluate scroll #99
[8771 #3]   84.5s wait #99
[8771 #3]   85.0s evaluate scroll #100
[8771 #3]   85.1s wait #100
[8771 #3]   85.6s goto https://zh.wikipedia.org/wiki/%E5%8F%B0%E5%8C%97101
[8771 #3]   87.0s loaded
[8771 #3]   87.0s evaluate scroll #101
[8771 #3]   87.4s wait #101
[8771 #3]   87.9s evaluate scroll #102
[8771 #3]   88.1s wait #102
[8771 #3]   88.6s evaluate scroll #103
[8771 #3]   88.7s wait #103
[8771 #3]   89.2s evaluate scroll #104
[8771 #3]   89.7s wait #104
[8771 #3]   90.2s evaluate scroll #105
[8771 #3]   91.7s wait #105
[8771 #3]   92.2s evaluate scroll #106
[8771 #3]   92.4s wait #106
[8771 #3]   92.9s evaluate scroll #107
[8771 #3]   93.1s wait #107
[8771 #3]   93.6s evaluate scroll #108772 #3]   44.1s wait #49
[8772 #3]   44.6s evaluate scroll #50
[8772 #3]   44.7s wait #50
[8772 #3]   45.2s evaluate scroll #51
[8772 #3]   45.3s wait #51
[8772 #3]   45.8s evaluate scroll #52
[8772 #3]   45.9s wait #52
[8772 #3]   46.4s evaluate scroll #53
[8772 #3]   46.5s wait #53
[8772 #3]   47.0s evaluate scroll #54
[8772 #3]   47.1s wait #54
[8772 #3]   47.6s evaluate scroll #55
[8772 #3]   47.7s wait #55
[8772 #3]   48.2s evaluate scroll #56
[8772 #3]   48.2s wait #56
[8772 #3]   48.7s evaluate scroll #57
[8772 #3]   48.8s wait #57
[8772 #3]   49.3s evaluate scroll #58
[8772 #3]   49.4s wait #58
[8772 #3]   49.9s evaluate scroll #59
[8772 #3]   50.1s wait #59
[8772 #3]   50.6s evaluate scroll #60
[8772 #3]   50.6s wait #60
[8772 #3]   51.1s goto https://www.bbc.com/news
[8772 #3]   53.9s loaded
[8772 #3]   53.9s evaluate scroll #61
[8772 #3]   54.6s wait #61
[8772 #3]   55.1s evaluate scroll #62
[8772 #3]   55.3s wait #62
[8772 #3]   55.8s evaluate scroll #63
[8772 #3]   56.0s wait #63
[8772 #3]   56.5s evaluate scroll #64
[8772 #3]   56.7s wait #64
[8772 #3]   57.2s evaluate scroll #65
[8772 #3]   57.9s wait #65
[8772 #3]   58.4s evaluate scroll #66
[8772 #3]   58.7s wait #66
[8772 #3]   59.2s evaluate scroll #67
[8772 #3]   59.5s wait #67
[8772 #3]   60.0s evaluate scroll #68
[8772 #3]   60.5s wait #68
[8772 #3]   61.0s evaluate scroll #69
[8772 #3]   61.2s wait #69
[8772 #3]   61.7s evaluate scroll #70
[8772 #3]   62.2s wait #70
[8772 #3]   62.7s evaluate scroll #71
[8772 #3]   62.9s wait #71
[8772 #3]   63.4s evaluate scroll #72
[8772 #3]   63.6s wait #72
[8772 #3]   64.1s evaluate scroll #73
[8772 #3]   64.8s wait #73
[8772 #3]   65.3s evaluate scroll #74
[8772 #3]   65.5s wait #74
[8772 #3]   66.0s evaluate scroll #75
[8772 #3]   66.2s wait #75
[8772 #3]   66.7s evaluate scroll #76
[8772 #3]   67.5s wait #76
[8772 #3]   68.0s evaluate scroll #77
[8772 #3]   68.3s wait #77
[8772 #3]   68.8s evaluate scroll #78
[8772 #3]   69.0s wait #78
[8772 #3]   69.5s evaluate scroll #79
[8772 #3]   69.6s wait #79
[8772 #3]   70.1s evaluate scroll #80
[8772 #3]   70.2s wait #80
[8772 #3]   70.7s goto https://zh.wikipedia.org/
[8772 #3]   72.5s loaded
[8772 #3]   72.5s evaluate scroll #81
[8772 #3]   73.1s wait #81
[8772 #3]   73.6s evaluate scroll #82
[8772 #3]   73.7s wait #82
[8772 #3]   74.2s evaluate scroll #83
[8772 #3]   74.4s wait #83
[8772 #3]   74.9s evaluate scroll #84
[8772 #3]   75.1s wait #84
[8772 #3]   75.6s evaluate scroll #85
[8772 #3]   75.8s wait #85
[8772 #3]   76.3s evaluate scroll #86
[8772 #3]   76.4s wait #86
[8772 #3]   76.9s evaluate scroll #87
[8772 #3]   77.0s wait #87
[8772 #3]   77.5s evaluate scroll #88
[8772 #3]   77.6s wait #88
[8772 #3]   78.1s evaluate scroll #89
[8772 #3]   78.3s wait #89
[8772 #3]   78.8s evaluate scroll #90
[8772 #3]   78.9s wait #90
[8772 #3]   79.4s evaluate scroll #91
[8772 #3]   79.6s wait #91
[8772 #3]   80.1s evaluate scroll #92
[8772 #3]   80.2s wait #92
[8772 #3]   80.7s evaluate scroll #93
[8772 #3]   80.8s wait #93
[8772 #3]   81.3s evaluate scroll #94
[8772 #3]   81.4s wait #94
[8772 #3]   81.9s evaluate scroll #95
[8772 #3]   82.1s wait #95
[8772 #3]   82.6s evaluate scroll #96
[8772 #3]   82.7s wait #96
[8772 #3]   83.2s evaluate scroll #97
[8772 #3]   83.3s wait #97
[8772 #3]   83.8s evaluate scroll #98
[8772 #3]   83.9s wait #98
[8772 #3]   84.4s evaluate scroll #99
[8772 #3]   84.6s wait #99
[8772 #3]   85.1s evaluate scroll #100
[8772 #3]   85.2s wait #100
[8772 #3]   85.7s goto https://zh.wikipedia.org/wiki/%E5%8F%B0%E5%8C%97101
[8772 #3]   87.1s loaded
[8772 #3]   87.1s evaluate scroll #101
[8772 #3]   87.6s wait #101
[8772 #3]   88.1s evaluate scroll #102
[8772 #3]   88.2s wait #102
[8772 #3]   88.7s evaluate scroll #103
[8772 #3]   88.9s wait #103
[8772 #3]   89.4s evaluate scroll #104
[8772 #3]   89.9s wait #104
[8772 #3]   90.4s evaluate scroll #105
[8772 #3]   92.5s wait #105
[8772 #3]   93.0s evaluate scroll #106
[8772 #3]   93.2s wait #106
[8772 #3]   93.7s evaluate scroll #107
[8772 #3]   93.8s wait #107
[8772 #3]   94.3s evaluate scroll #108 #3]   48.0s wait #58
[8774 #3]   48.5s evaluate scroll #59
[8774 #3]   48.6s wait #59
[8774 #3]   49.1s evaluate scroll #60
[8774 #3]   49.2s wait #60
[8774 #3]   49.7s goto https://www.bbc.com/news
[8774 #3]   52.4s loaded
[8774 #3]   52.4s evaluate scroll #61
[8774 #3]   52.9s wait #61
[8774 #3]   53.4s evaluate scroll #62
[8774 #3]   53.7s wait #62
[8774 #3]   54.2s evaluate scroll #63
[8774 #3]   54.5s wait #63
[8774 #3]   55.0s evaluate scroll #64
[8774 #3]   55.3s wait #64
[8774 #3]   55.9s evaluate scroll #65
[8774 #3]   56.2s wait #65
[8774 #3]   56.7s evaluate scroll #66
[8774 #3]   56.9s wait #66
[8774 #3]   57.4s evaluate scroll #67
[8774 #3]   57.6s wait #67
[8774 #3]   58.1s evaluate scroll #68
[8774 #3]   58.3s wait #68
[8774 #3]   58.8s evaluate scroll #69
[8774 #3]   59.0s wait #69
[8774 #3]   59.5s evaluate scroll #70
[8774 #3]   59.8s wait #70
[8774 #3]   60.3s evaluate scroll #71
[8774 #3]   60.4s wait #71
[8774 #3]   60.9s evaluate scroll #72
[8774 #3]   61.3s wait #72
[8774 #3]   61.8s evaluate scroll #73
[8774 #3]   63.0s wait #73
[8774 #3]   63.5s evaluate scroll #74
[8774 #3]   63.6s wait #74
[8774 #3]   64.1s evaluate scroll #75
[8774 #3]   64.3s wait #75
[8774 #3]   64.8s evaluate scroll #76
[8774 #3]   65.3s wait #76
[8774 #3]   65.8s evaluate scroll #77
[8774 #3]   66.0s wait #77
[8774 #3]   66.5s evaluate scroll #78
[8774 #3]   66.6s wait #78
[8774 #3]   67.1s evaluate scroll #79
[8774 #3]   67.3s wait #79
[8774 #3]   67.8s evaluate scroll #80
[8774 #3]   68.0s wait #80
[8774 #3]   68.5s goto https://zh.wikipedia.org/
[8774 #3]   69.9s loaded
[8774 #3]   69.9s evaluate scroll #81
[8774 #3]   70.5s wait #81
[8774 #3]   71.0s evaluate scroll #82
[8774 #3]   71.2s wait #82
[8774 #3]   71.7s evaluate scroll #83
[8774 #3]   71.8s wait #83
[8774 #3]   72.3s evaluate scroll #84
[8774 #3]   72.5s wait #84
[8774 #3]   73.0s evaluate scroll #85
[8774 #3]   73.1s wait #85
[8774 #3]   73.6s evaluate scroll #86
[8774 #3]   73.7s wait #86
[8774 #3]   74.2s evaluate scroll #87
[8774 #3]   74.2s wait #87
[8774 #3]   74.7s evaluate scroll #88
[8774 #3]   74.8s wait #88
[8774 #3]   75.3s evaluate scroll #89
[8774 #3]   75.4s wait #89
[8774 #3]   75.9s evaluate scroll #90
[8774 #3]   76.0s wait #90
[8774 #3]   76.5s evaluate scroll #91
[8774 #3]   76.7s wait #91
[8774 #3]   77.2s evaluate scroll #92
[8774 #3]   77.3s wait #92
[8774 #3]   77.8s evaluate scroll #93
[8774 #3]   77.9s wait #93
[8774 #3]   78.4s evaluate scroll #94
[8774 #3]   78.5s wait #94
[8774 #3]   79.0s evaluate scroll #95
[8774 #3]   79.0s wait #95
[8774 #3]   79.5s evaluate scroll #96
[8774 #3]   79.6s wait #96
[8774 #3]   80.1s evaluate scroll #97
[8774 #3]   80.2s wait #97
[8774 #3]   80.7s evaluate scroll #98
[8774 #3]   80.8s wait #98
[8774 #3]   81.3s evaluate scroll #99
[8774 #3]   81.4s wait #99
[8774 #3]   81.9s evaluate scroll #100
[8774 #3]   82.0s wait #100
[8774 #3]   82.5s goto https://zh.wikipedia.org/wiki/%E5%8F%B0%E5%8C%97101
[8774 #3]   83.8s loaded
[8774 #3]   83.8s evaluate scroll #101
[8774 #3]   84.2s wait #101
[8774 #3]   84.7s evaluate scroll #102
[8774 #3]   84.8s wait #102
[8774 #3]   85.3s evaluate scroll #103
[8774 #3]   85.4s wait #103
[8774 #3]   85.9s evaluate scroll #104
[8774 #3]   86.0s wait #104
[8774 #3]   86.5s evaluate scroll #105
[8774 #3]   86.6s wait #105
[8774 #3]   87.1s evaluate scroll #106
[8774 #3]   87.2s wait #106
[8774 #3]   87.7s evaluate scroll #107
[8774 #3]   87.8s wait #107
[8774 #3]   88.3s evaluate scroll #108
[8774 #3]   88.4s wait #108
[8774 #3]   88.9s evaluate scroll #109
[8774 #3]   89.3s wait #109
[8774 #3]   89.8s evaluate scroll #110
[8774 #3]   91.5s wait #110
[8774 #3]   92.0s evaluate scroll #111
[8774 #3]   92.1s wait #111
[8774 #3]   92.6s evaluate scroll #112
[8774 #3]   92.7s wait #112
[8774 #3]   93.3s evaluate scroll #113
[8774 #3]   93.4s wait #113
[8774 #3]   93.9s evaluate scroll #114
[8774 #3]   94.0s wait #114
[8774 #3]   94.5s evaluate scroll #115
[8774 #3]   94.6s wait #115
[8774 #3]   95.1s evaluate scroll #116
[8774 #3]   95.2s wait #116
[8774 #3]   95.7s evalu #3]   49.1s wait #58
[8773 #3]   49.6s evaluate scroll #59
[8773 #3]   49.7s wait #59
[8773 #3]   50.2s evaluate scroll #60
[8773 #3]   50.3s wait #60
[8773 #3]   50.8s goto https://www.bbc.com/news
[8773 #3]   53.5s loaded
[8773 #3]   53.5s evaluate scroll #61
[8773 #3]   53.9s wait #61
[8773 #3]   54.4s evaluate scroll #62
[8773 #3]   54.6s wait #62
[8773 #3]   55.1s evaluate scroll #63
[8773 #3]   55.4s wait #63
[8773 #3]   55.9s evaluate scroll #64
[8773 #3]   56.1s wait #64
[8773 #3]   56.6s evaluate scroll #65
[8773 #3]   57.2s wait #65
[8773 #3]   57.7s evaluate scroll #66
[8773 #3]   58.0s wait #66
[8773 #3]   58.5s evaluate scroll #67
[8773 #3]   59.2s wait #67
[8773 #3]   59.7s evaluate scroll #68
[8773 #3]   59.9s wait #68
[8773 #3]   60.4s evaluate scroll #69
[8773 #3]   60.6s wait #69
[8773 #3]   61.1s evaluate scroll #70
[8773 #3]   61.4s wait #70
[8773 #3]   61.9s evaluate scroll #71
[8773 #3]   62.3s wait #71
[8773 #3]   62.8s evaluate scroll #72
[8773 #3]   63.7s wait #72
[8773 #3]   64.2s evaluate scroll #73
[8773 #3]   64.3s wait #73
[8773 #3]   64.8s evaluate scroll #74
[8773 #3]   65.0s wait #74
[8773 #3]   65.5s evaluate scroll #75
[8773 #3]   65.7s wait #75
[8773 #3]   66.2s evaluate scroll #76
[8773 #3]   66.4s wait #76
[8773 #3]   66.9s evaluate scroll #77
[8773 #3]   67.1s wait #77
[8773 #3]   67.6s evaluate scroll #78
[8773 #3]   67.7s wait #78
[8773 #3]   68.2s evaluate scroll #79
[8773 #3]   68.3s wait #79
[8773 #3]   68.8s evaluate scroll #80
[8773 #3]   69.0s wait #80
[8773 #3]   69.5s goto https://zh.wikipedia.org/
[8773 #3]   70.8s loaded
[8773 #3]   70.8s evaluate scroll #81
[8773 #3]   71.5s wait #81
[8773 #3]   72.0s evaluate scroll #82
[8773 #3]   72.1s wait #82
[8773 #3]   72.6s evaluate scroll #83
[8773 #3]   72.7s wait #83
[8773 #3]   73.2s evaluate scroll #84
[8773 #3]   73.4s wait #84
[8773 #3]   73.9s evaluate scroll #85
[8773 #3]   74.1s wait #85
[8773 #3]   74.6s evaluate scroll #86
[8773 #3]   74.7s wait #86
[8773 #3]   75.2s evaluate scroll #87
[8773 #3]   75.4s wait #87
[8773 #3]   75.9s evaluate scroll #88
[8773 #3]   76.1s wait #88
[8773 #3]   76.6s evaluate scroll #89
[8773 #3]   76.7s wait #89
[8773 #3]   77.2s evaluate scroll #90
[8773 #3]   77.6s wait #90
[8773 #3]   78.1s evaluate scroll #91
[8773 #3]   78.2s wait #91
[8773 #3]   78.7s evaluate scroll #92
[8773 #3]   78.9s wait #92
[8773 #3]   79.4s evaluate scroll #93
[8773 #3]   79.5s wait #93
[8773 #3]   80.0s evaluate scroll #94
[8773 #3]   80.1s wait #94
[8773 #3]   80.6s evaluate scroll #95
[8773 #3]   80.8s wait #95
[8773 #3]   81.3s evaluate scroll #96
[8773 #3]   81.4s wait #96
[8773 #3]   81.9s evaluate scroll #97
[8773 #3]   82.0s wait #97
[8773 #3]   82.5s evaluate scroll #98
[8773 #3]   82.6s wait #98
[8773 #3]   83.2s evaluate scroll #99
[8773 #3]   83.3s wait #99
[8773 #3]   83.8s evaluate scroll #100
[8773 #3]   83.9s wait #100
[8773 #3]   84.4s goto https://zh.wikipedia.org/wiki/%E5%8F%B0%E5%8C%97101
[8773 #3]   85.9s loaded
[8773 #3]   85.9s evaluate scroll #101
[8773 #3]   86.6s wait #101
[8773 #3]   87.1s evaluate scroll #102
[8773 #3]   87.2s wait #102
[8773 #3]   87.7s evaluate scroll #103
[8773 #3]   87.9s wait #103
[8773 #3]   88.4s evaluate scroll #104
[8773 #3]   88.5s wait #104
[8773 #3]   89.0s evaluate scroll #105
[8773 #3]   89.2s wait #105
[8773 #3]   89.7s evaluate scroll #106
[8773 #3]   90.2s wait #106
[8773 #3]   90.7s evaluate scroll #107
[8773 #3]   92.4s wait #107
[8773 #3]   92.9s evaluate scroll #108
[8773 #3]   93.1s wait #108
[8773 #3]   93.6s evaluate scroll #109
[8773 #3]   93.8s wait #109
[8773 #3]   94.3s evaluate scroll #110
[8773 #3]   94.5s wait #110
[8773 #3]   95.0s evaluate scroll #111
[8773 #3]   95.2s wait #111
[8773 #3]   95.7s evaluate scroll #112
[8773 #3]   95.8s wait #112
[8773 #3]   96.3s evaluate scroll #113
[8773 #3]   96.5s wait #113
[8773 #3]   97.0s evaluate scroll #114
[8773 #3]   97.1s wait #114
[8773 #3]   97.6s evaluate scroll #115
[8773 #3]   97.8s wait #115
[8773 #3]   98.3s evaluate scroll #116
[8773 #3]   98.5s wait #116
[8773 #3]   99.0s evaluate scroll #117
[8774 #3]   95.8s wait #117
[8774 #3]   96.3s evaluate scroll #118
[8774 #3]   96.4s wait #118
[8774 #3]   96.9s evaluate scroll #119
[8774 #3]   97.0s wait #119
[8774 #3]   97.5s evaluate scroll #120
[8774 #3]   97.6s wait #120
[8774 #3]   98.1s goto https://github.com/explore
[8774 #3]  102.7s loaded
[8774 #3]  102.7s evaluate scroll #121
[8774 #3]  103.6s wait #121
[8774 #3]  104.1s evaluate scroll #122
[8774 #3]  104.2s wait #122
[8774 #3]  104.7s evaluate scroll #123
[8774 #3]  104.8s wait #123
[8774 #3]  105.3s evaluate scroll #124
[8774 #3]  105.4s wait #124
[8774 #3]  105.9s evaluate scroll #125
[8774 #3]  106.1s wait #125
[8774 #3]  106.6s evaluate scroll #126
[8774 #3]  106.7s wait #126
[8774 #3]  107.2s evaluate scroll #127
[8774 #3]  107.2s wait #127
[8774 #3]  107.7s evaluate scroll #128
[8774 #3]  107.8s wait #128
[8774 #3]  108.3s evaluate scroll #129
[8774 #3]  108.4s wait #129
[8774 #3]  108.9s evaluate scroll #130
[8774 #3]  109.0s wait #130
[8774 #3]  109.5s evaluate scroll #131
[8774 #3]  109.6s wait #131
[8774 #3]  110.1s evaluate scroll #132
[8774 #3]  110.2s wait #132
[8774 #3]  110.7s evaluate scroll #133
[8774 #3]  110.8s wait #133
[8774 #3]  111.3s evaluate scroll #134
[8774 #3]  111.5s wait #134
[8774 #3]  112.0s evaluate scroll #135
[8774 #3]  112.1s wait #135
[8774 #3]  112.6s evaluate scroll #136
[8774 #3]  112.7s wait #136
[8774 #3]  113.2s evaluate scroll #137
[8774 #3]  113.4s wait #137
[8774 #3]  113.9s evaluate scroll #138
[8774 #3]  114.0s wait #138
[8774 #3]  114.5s evaluate scroll #139
[8774 #3]  114.6s wait #139
[8774 #3]  115.1s evaluate scroll #140
[8774 #3]  115.2s wait #140
[8774 #3]  115.7s goto https://www.bbc.com/news
[8774 #3]  117.9s loaded
[8774 #3]  117.9s evaluate scroll #141
[8774 #3]  118.3s wait #141
[8774 #3]  118.8s evaluate scroll #142
[8774 #3]  119.0s wait #142
[8774 #3]  119.5s evaluate scroll #143
[8774 #3]  119.7s wait #143
[8774 #3]  120.3s evaluate scroll #144
[8774 #3]  120.6s wait #144
[8774 #3]  121.1s evaluate scroll #145
[8774 #3]  121.8s wait #145
[8774 #3]  122.3s evaluate scroll #146
[8774 #3]  122.5s wait #146
[8774 #3]  123.0s evaluate scroll #147
[8774 #3]  123.2s wait #147
[8774 #3]  123.7s evaluate scroll #148
[8774 #3]  124.3s wait #148
[8774 #3]  124.8s evaluate scroll #149
[8774 #3]  125.2s wait #149
[8774 #3]  125.7s evaluate scroll #150
[8774 #3]  126.1s wait #150
[8774 #3]  126.6s evaluate scroll #151
[8774 #3]  126.8s wait #151
[8774 #3]  127.3s evaluate scroll #152
[8774 #3]  127.6s wait #152
[8774 #3]  128.1s evaluate scroll #153
[8774 #3]  128.3s wait #153
[8774 #3]  128.8s evaluate scroll #154
[8774 #3]  129.0s wait #154
[8774 #3]  129.5s evaluate scroll #155
[8774 #3]  129.6s wait #155
[8774 #3]  130.1s evaluate scroll #156
[8774 #3]  130.3s wait #156
[8774 #3]  130.8s evaluate scroll #157
[8774 #3]  130.9s wait #157
[8774 #3]  131.4s evaluate scroll #158
[8774 #3]  131.6s wait #158
[8774 #3]  132.1s evaluate scroll #159
[8774 #3]  132.2s wait #159
[8774 #3]  132.7s evaluate scroll #160
[8774 #3]  132.9s wait #160
[8774 #3]  133.4s goto https://zh.wikipedia.org/
[8774 #3]  135.4s loaded
[8774 #3]  135.4s evaluate scroll #161
[8774 #3]  135.8s wait #161
[8774 #3]  136.3s evaluate scroll #162
[8774 #3]  136.6s wait #162
[8774 #3]  137.1s evaluate scroll #163
[8774 #3]  137.2s wait #163
[8774 #3]  137.7s evaluate scroll #164
[8774 #3]  137.9s wait #164
[8774 #3]  138.4s evaluate scroll #165
[8774 #3]  138.5s wait #165
[8774 #3]  139.0s evaluate scroll #166
[8774 #3]  139.1s wait #166
[8774 #3]  139.6s evaluate scroll #167
[8774 #3]  139.7s wait #167
[8774 #3]  140.2s evaluate scroll #168
[8774 #3]  140.4s wait #168
[8774 #3]  140.9s evaluate scroll #169
[8774 #3]  141.0s wait #169
[8774 #3]  141.5s evaluate scroll #170
[8774 #3]  141.7s wait #170
[8774 #3]  142.2s evaluate scroll #171
[8774 #3]  142.3s wait #171
[8774 #3]  142.8s evaluate scroll #172
[8774 #3]  142.9s wait #172
[8774 #3]  143.4s evaluate scroll #173
[8774 #3]  143.5s wait #173
[8774 #3]  144.0s evaluate scroll #174
[8774 #3]  144.2s wait #174
[8774 #3]  
[8772 #3]   94.5s wait #108
[8772 #3]   95.0s evaluate scroll #109
[8772 #3]   95.2s wait #109
[8772 #3]   95.7s evaluate scroll #110
[8772 #3]   95.8s wait #110
[8772 #3]   96.3s evaluate scroll #111
[8772 #3]   96.4s wait #111
[8772 #3]   96.9s evaluate scroll #112
[8772 #3]   97.2s wait #112
[8772 #3]   97.7s evaluate scroll #113
[8772 #3]   97.8s wait #113
[8772 #3]   98.3s evaluate scroll #114
[8772 #3]   98.4s wait #114
[8772 #3]   98.9s evaluate scroll #115
[8772 #3]   99.1s wait #115
[8772 #3]   99.6s evaluate scroll #116
[8772 #3]   99.7s wait #116
[8772 #3]  100.2s evaluate scroll #117
[8772 #3]  100.3s wait #117
[8772 #3]  100.8s evaluate scroll #118
[8772 #3]  101.0s wait #118
[8772 #3]  101.5s evaluate scroll #119
[8772 #3]  101.6s wait #119
[8772 #3]  102.1s evaluate scroll #120
[8772 #3]  102.2s wait #120
[8772 #3]  102.7s goto https://github.com/explore
[8772 #3]  107.7s loaded
[8772 #3]  107.7s evaluate scroll #121
[8772 #3]  108.8s wait #121
[8772 #3]  109.3s evaluate scroll #122
[8772 #3]  109.8s wait #122
[8772 #3]  110.3s evaluate scroll #123
[8772 #3]  110.4s wait #123
[8772 #3]  110.9s evaluate scroll #124
[8772 #3]  111.0s wait #124
[8772 #3]  111.5s evaluate scroll #125
[8772 #3]  111.7s wait #125
[8772 #3]  112.2s evaluate scroll #126
[8772 #3]  112.3s wait #126
[8772 #3]  112.8s evaluate scroll #127
[8772 #3]  112.9s wait #127
[8772 #3]  113.4s evaluate scroll #128
[8772 #3]  113.5s wait #128
[8772 #3]  114.0s evaluate scroll #129
[8772 #3]  114.1s wait #129
[8772 #3]  114.6s evaluate scroll #130
[8772 #3]  114.8s wait #130
[8772 #3]  115.3s evaluate scroll #131
[8772 #3]  115.4s wait #131
[8772 #3]  115.9s evaluate scroll #132
[8772 #3]  116.0s wait #132
[8772 #3]  116.5s evaluate scroll #133
[8772 #3]  116.7s wait #133
[8772 #3]  117.2s evaluate scroll #134
[8772 #3]  117.3s wait #134
[8772 #3]  117.8s evaluate scroll #135
[8772 #3]  118.0s wait #135
[8772 #3]  118.5s evaluate scroll #136
[8772 #3]  118.6s wait #136
[8772 #3]  119.1s evaluate scroll #137
[8772 #3]  119.3s wait #137
[8772 #3]  119.8s evaluate scroll #138
[8772 #3]  120.0s wait #138
[8772 #3]  120.5s evaluate scroll #139
[8772 #3]  120.6s wait #139
[8772 #3]  121.1s evaluate scroll #140
[8772 #3]  121.3s wait #140
[8772 #3]  121.8s goto https://www.bbc.com/news
[8772 #3]  123.9s loaded
[8772 #3]  123.9s evaluate scroll #141
[8772 #3]  124.4s wait #141
[8772 #3]  124.9s evaluate scroll #142
[8772 #3]  125.1s wait #142
[8772 #3]  125.6s evaluate scroll #143
[8772 #3]  126.0s wait #143
[8772 #3]  126.5s evaluate scroll #144
[8772 #3]  126.9s wait #144
[8772 #3]  127.4s evaluate scroll #145
[8772 #3]  128.1s wait #145
[8772 #3]  128.6s evaluate scroll #146
[8772 #3]  128.9s wait #146
[8772 #3]  129.4s evaluate scroll #147
[8772 #3]  129.5s wait #147
[8772 #3]  130.0s evaluate scroll #148
[8772 #3]  130.5s wait #148
[8772 #3]  131.0s evaluate scroll #149
[8772 #3]  131.2s wait #149
[8772 #3]  131.7s evaluate scroll #150
[8772 #3]  131.9s wait #150
[8772 #3]  132.4s evaluate scroll #151
[8772 #3]  132.8s wait #151
[8772 #3]  133.3s evaluate scroll #152
[8772 #3]  134.2s wait #152
[8772 #3]  134.7s evaluate scroll #153
[8772 #3]  134.9s wait #153
[8772 #3]  135.4s evaluate scroll #154
[8772 #3]  135.8s wait #154
[8772 #3]  136.3s evaluate scroll #155
[8772 #3]  136.5s wait #155
[8772 #3]  137.0s evaluate scroll #156
[8772 #3]  137.3s wait #156
[8772 #3]  137.8s evaluate scroll #157
[8772 #3]  138.0s wait #157
[8772 #3]  138.5s evaluate scroll #158
[8772 #3]  138.6s wait #158
[8772 #3]  139.1s evaluate scroll #159
[8772 #3]  139.2s wait #159
[8772 #3]  139.7s evaluate scroll #160
[8772 #3]  139.9s wait #160
[8772 #3]  140.4s goto https://zh.wikipedia.org/
[8772 #3]  142.3s loaded
[8772 #3]  142.3s evaluate scroll #161
[8772 #3]  142.7s wait #161
[8772 #3]  143.2s evaluate scroll #162
[8772 #3]  143.3s wait #162
[8772 #3]  143.8s evaluate scroll #163
[8772 #3]  144.0s wait #163
[8772 #3]  144.5s evaluate scroll #164
[8772 #3]  144.6s wait #164
[8772 #3]  145.1s evaluate scroll #165
[8772 #3]  145.2s wait #165
[8772 #3]  145.7s evaluate
[8771 #3]   93.8s wait #108
[8771 #3]   94.3s evaluate scroll #109
[8771 #3]   94.5s wait #109
[8771 #3]   95.0s evaluate scroll #110
[8771 #3]   95.2s wait #110
[8771 #3]   95.7s evaluate scroll #111
[8771 #3]   95.8s wait #111
[8771 #3]   96.3s evaluate scroll #112
[8771 #3]   96.5s wait #112
[8771 #3]   97.0s evaluate scroll #113
[8771 #3]   97.1s wait #113
[8771 #3]   97.6s evaluate scroll #114
[8771 #3]   97.8s wait #114
[8771 #3]   98.3s evaluate scroll #115
[8771 #3]   98.5s wait #115
[8771 #3]   99.0s evaluate scroll #116
[8771 #3]   99.2s wait #116
[8771 #3]   99.7s evaluate scroll #117
[8771 #3]   99.9s wait #117
[8771 #3]  100.4s evaluate scroll #118
[8771 #3]  100.6s wait #118
[8771 #3]  101.1s evaluate scroll #119
[8771 #3]  101.2s wait #119
[8771 #3]  101.7s evaluate scroll #120
[8771 #3]  101.8s wait #120
[8771 #3]  102.3s goto https://github.com/explore
[8771 #3]  107.1s loaded
[8771 #3]  107.1s evaluate scroll #121
[8771 #3]  108.2s wait #121
[8771 #3]  108.7s evaluate scroll #122
[8771 #3]  108.8s wait #122
[8771 #3]  109.3s evaluate scroll #123
[8771 #3]  109.5s wait #123
[8771 #3]  110.0s evaluate scroll #124
[8771 #3]  110.1s wait #124
[8771 #3]  110.6s evaluate scroll #125
[8771 #3]  110.8s wait #125
[8771 #3]  111.3s evaluate scroll #126
[8771 #3]  111.5s wait #126
[8771 #3]  112.0s evaluate scroll #127
[8771 #3]  112.1s wait #127
[8771 #3]  112.6s evaluate scroll #128
[8771 #3]  112.7s wait #128
[8771 #3]  113.2s evaluate scroll #129
[8771 #3]  113.4s wait #129
[8771 #3]  113.9s evaluate scroll #130
[8771 #3]  114.0s wait #130
[8771 #3]  114.5s evaluate scroll #131
[8771 #3]  114.7s wait #131
[8771 #3]  115.2s evaluate scroll #132
[8771 #3]  115.3s wait #132
[8771 #3]  115.8s evaluate scroll #133
[8771 #3]  116.0s wait #133
[8771 #3]  116.5s evaluate scroll #134
[8771 #3]  116.6s wait #134
[8771 #3]  117.1s evaluate scroll #135
[8771 #3]  117.2s wait #135
[8771 #3]  117.7s evaluate scroll #136
[8771 #3]  117.9s wait #136
[8771 #3]  118.4s evaluate scroll #137
[8771 #3]  118.5s wait #137
[8771 #3]  119.0s evaluate scroll #138
[8771 #3]  119.1s wait #138
[8771 #3]  119.6s evaluate scroll #139
[8771 #3]  119.7s wait #139
[8771 #3]  120.2s evaluate scroll #140
[8771 #3]  120.4s wait #140
[8771 #3]  120.9s goto https://www.bbc.com/news
[8771 #3]  123.2s loaded
[8771 #3]  123.2s evaluate scroll #141
[8771 #3]  123.7s wait #141
[8771 #3]  124.2s evaluate scroll #142
[8771 #3]  124.4s wait #142
[8771 #3]  124.9s evaluate scroll #143
[8771 #3]  125.4s wait #143
[8771 #3]  125.9s evaluate scroll #144
[8771 #3]  126.2s wait #144
[8771 #3]  126.7s evaluate scroll #145
[8771 #3]  127.5s wait #145
[8771 #3]  128.0s evaluate scroll #146
[8771 #3]  128.3s wait #146
[8771 #3]  128.8s evaluate scroll #147
[8771 #3]  129.1s wait #147
[8771 #3]  129.6s evaluate scroll #148
[8771 #3]  130.4s wait #148
[8771 #3]  130.9s evaluate scroll #149
[8771 #3]  131.2s wait #149
[8771 #3]  131.7s evaluate scroll #150
[8771 #3]  131.9s wait #150
[8771 #3]  132.4s evaluate scroll #151
[8771 #3]  132.8s wait #151
[8771 #3]  133.3s evaluate scroll #152
[8771 #3]  133.7s wait #152
[8771 #3]  134.2s evaluate scroll #153
[8771 #3]  134.3s wait #153
[8771 #3]  134.8s evaluate scroll #154
[8771 #3]  134.9s wait #154
[8771 #3]  135.4s evaluate scroll #155
[8771 #3]  135.8s wait #155
[8771 #3]  136.3s evaluate scroll #156
[8771 #3]  136.5s wait #156
[8771 #3]  137.0s evaluate scroll #157
[8771 #3]  137.2s wait #157
[8771 #3]  137.7s evaluate scroll #158
[8771 #3]  137.8s wait #158
[8771 #3]  138.3s evaluate scroll #159
[8771 #3]  138.4s wait #159
[8771 #3]  138.9s evaluate scroll #160
[8771 #3]  139.0s wait #160
[8771 #3]  139.5s goto https://zh.wikipedia.org/
[8771 #3]  141.7s loaded
[8771 #3]  141.7s evaluate scroll #161
[8771 #3]  142.3s wait #161
[8771 #3]  142.8s evaluate scroll #162
[8771 #3]  142.9s wait #162
[8771 #3]  143.4s evaluate scroll #163
[8771 #3]  143.6s wait #163
[8771 #3]  144.1s evaluate scroll #164
[8771 #3]  144.2s wait #164
[8771 #3]  144.7s evaluate scroll #165
[8771 #3]  144.8s wait #165
[8771 #3]  145.3s evaluateate scroll #117
[8773 #3]   99.2s wait #117
[8773 #3]   99.7s evaluate scroll #118
[8773 #3]   99.8s wait #118
[8773 #3]  100.3s evaluate scroll #119
[8773 #3]  100.5s wait #119
[8773 #3]  101.0s evaluate scroll #120
[8773 #3]  101.1s wait #120
[8773 #3]  101.6s goto https://github.com/explore
[8773 #3]  106.0s loaded
[8773 #3]  106.0s evaluate scroll #121
[8773 #3]  107.2s wait #121
[8773 #3]  107.7s evaluate scroll #122
[8773 #3]  108.0s wait #122
[8773 #3]  108.5s evaluate scroll #123
[8773 #3]  108.7s wait #123
[8773 #3]  109.2s evaluate scroll #124
[8773 #3]  109.3s wait #124
[8773 #3]  109.8s evaluate scroll #125
[8773 #3]  110.0s wait #125
[8773 #3]  110.5s evaluate scroll #126
[8773 #3]  110.7s wait #126
[8773 #3]  111.2s evaluate scroll #127
[8773 #3]  111.3s wait #127
[8773 #3]  111.8s evaluate scroll #128
[8773 #3]  111.9s wait #128
[8773 #3]  112.4s evaluate scroll #129
[8773 #3]  112.6s wait #129
[8773 #3]  113.1s evaluate scroll #130
[8773 #3]  113.3s wait #130
[8773 #3]  113.8s evaluate scroll #131
[8773 #3]  113.9s wait #131
[8773 #3]  114.4s evaluate scroll #132
[8773 #3]  114.5s wait #132
[8773 #3]  115.0s evaluate scroll #133
[8773 #3]  115.3s wait #133
[8773 #3]  115.8s evaluate scroll #134
[8773 #3]  115.9s wait #134
[8773 #3]  116.4s evaluate scroll #135
[8773 #3]  116.5s wait #135
[8773 #3]  117.0s evaluate scroll #136
[8773 #3]  117.2s wait #136
[8773 #3]  117.7s evaluate scroll #137
[8773 #3]  117.8s wait #137
[8773 #3]  118.3s evaluate scroll #138
[8773 #3]  118.5s wait #138
[8773 #3]  119.0s evaluate scroll #139
[8773 #3]  119.2s wait #139
[8773 #3]  119.7s evaluate scroll #140
[8773 #3]  119.8s wait #140
[8773 #3]  120.3s goto https://www.bbc.com/news
[8773 #3]  122.6s loaded
[8773 #3]  122.6s evaluate scroll #141
[8773 #3]  123.2s wait #141
[8773 #3]  123.7s evaluate scroll #142
[8773 #3]  124.0s wait #142
[8773 #3]  124.6s evaluate scroll #143
[8773 #3]  124.9s wait #143
[8773 #3]  125.4s evaluate scroll #144
[8773 #3]  125.6s wait #144
[8773 #3]  126.1s evaluate scroll #145
[8773 #3]  126.5s wait #145
[8773 #3]  127.0s evaluate scroll #146
[8773 #3]  127.1s wait #146
[8773 #3]  127.6s evaluate scroll #147
[8773 #3]  127.9s wait #147
[8773 #3]  128.4s evaluate scroll #148
[8773 #3]  128.7s wait #148
[8773 #3]  129.2s evaluate scroll #149
[8773 #3]  129.4s wait #149
[8773 #3]  129.9s evaluate scroll #150
[8773 #3]  130.2s wait #150
[8773 #3]  130.7s evaluate scroll #151
[8773 #3]  131.1s wait #151
[8773 #3]  131.6s evaluate scroll #152
[8773 #3]  132.0s wait #152
[8773 #3]  132.5s evaluate scroll #153
[8773 #3]  132.7s wait #153
[8773 #3]  133.2s evaluate scroll #154
[8773 #3]  133.9s wait #154
[8773 #3]  134.4s evaluate scroll #155
[8773 #3]  134.6s wait #155
[8773 #3]  135.1s evaluate scroll #156
[8773 #3]  135.6s wait #156
[8773 #3]  136.1s evaluate scroll #157
[8773 #3]  136.3s wait #157
[8773 #3]  136.8s evaluate scroll #158
[8773 #3]  136.9s wait #158
[8773 #3]  137.4s evaluate scroll #159
[8773 #3]  137.8s wait #159
[8773 #3]  138.3s evaluate scroll #160
[8773 #3]  138.5s wait #160
[8773 #3]  139.0s goto https://zh.wikipedia.org/
[8773 #3]  141.0s loaded
[8773 #3]  141.0s evaluate scroll #161
[8773 #3]  141.3s wait #161
[8773 #3]  141.8s evaluate scroll #162
[8773 #3]  141.9s wait #162
[8773 #3]  142.4s evaluate scroll #163
[8773 #3]  142.6s wait #163
[8773 #3]  143.1s evaluate scroll #164
[8773 #3]  143.3s wait #164
[8773 #3]  143.8s evaluate scroll #165
[8773 #3]  143.9s wait #165
[8773 #3]  144.4s evaluate scroll #166
[8773 #3]  144.5s wait #166
[8773 #3]  145.0s evaluate scroll #167
[8773 #3]  145.2s wait #167
[8773 #3]  145.7s evaluate scroll #168
[8773 #3]  145.8s wait #168
[8773 #3]  146.3s evaluate scroll #169
[8773 #3]  146.4s wait #169
[8773 #3]  146.9s evaluate scroll #170
[8773 #3]  147.1s wait #170
[8773 #3]  147.6s evaluate scroll #171
[8773 #3]  147.8s wait #171
[8773 #3]  148.3s evaluate scroll #172
[8773 #3]  148.4s wait #172
[8773 #3]  148.9s evaluate scroll #173
[8773 #3]  149.0s wait #173
[8773 #3]  149.5s evaluate scroll #174
[8773 #3]  149.7s wait #174
[8773 #3]   scroll #166
[8772 #3]  145.8s wait #166
[8772 #3]  146.3s evaluate scroll #167
[8772 #3]  146.5s wait #167
[8772 #3]  147.0s evaluate scroll #168
[8772 #3]  147.1s wait #168
[8772 #3]  147.6s evaluate scroll #169
[8772 #3]  147.7s wait #169
[8772 #3]  148.2s evaluate scroll #170
[8772 #3]  148.3s wait #170
[8772 #3]  148.8s evaluate scroll #171
[8772 #3]  148.9s wait #171
[8772 #3]  149.4s evaluate scroll #172
[8772 #3]  149.6s wait #172
[8772 #3]  150.1s evaluate scroll #173
[8772 #3]  150.2s wait #173
[8772 #3]  150.7s evaluate scroll #174
[8772 #3]  150.9s wait #174
[8772 #3]  151.4s evaluate scroll #175
[8772 #3]  151.5s wait #175
[8772 #3]  152.0s evaluate scroll #176
[8772 #3]  152.1s wait #176
[8772 #3]  152.6s evaluate scroll #177
[8772 #3]  152.7s wait #177
[8772 #3]  153.2s evaluate scroll #178
[8772 #3]  153.4s wait #178
[8772 #3]  153.9s evaluate scroll #179
[8772 #3]  154.0s wait #179
[8772 #3]  154.5s evaluate scroll #180
[8772 #3]  154.6s wait #180
[8772 #3]  155.1s goto https://zh.wikipedia.org/wiki/%E5%8F%B0%E5%8C%97101
[8772 #3]  156.5s loaded
[8772 #3]  156.5s evaluate scroll #181
[8772 #3]  157.0s wait #181
[8772 #3]  157.5s evaluate scroll #182
[8772 #3]  157.7s wait #182
[8772 #3]  158.2s evaluate scroll #183
[8772 #3]  158.3s wait #183
[8772 #3]  158.8s evaluate scroll #184
[8772 #3]  158.9s wait #184
[8772 #3]  159.4s evaluate scroll #185
[8772 #3]  159.5s wait #185
[8772 #3]  160.0s evaluate scroll #186
[8772 #3]  160.2s wait #186
[8772 #3]  160.7s evaluate scroll #187
[8772 #3]  160.9s wait #187
[8772 #3]  161.4s evaluate scroll #188
[8772 #3]  161.5s wait #188
[8772 #3]  162.0s evaluate scroll #189
[8772 #3]  162.1s wait #189
[8772 #3]  162.6s evaluate scroll #190
[8772 #3]  162.7s wait #190
[8772 #3]  163.2s evaluate scroll #191
[8772 #3]  163.3s wait #191
[8772 #3]  163.8s evaluate scroll #192
[8772 #3]  164.0s wait #192
[8772 #3]  164.5s evaluate scroll #193
[8772 #3]  164.6s wait #193
[8772 #3]  165.1s evaluate scroll #194
[8772 #3]  165.2s wait #194
[8772 #3]  165.7s evaluate scroll #195
[8772 #3]  165.9s wait #195
[8772 #3]  166.4s evaluate scroll #196
[8772 #3]  166.5s wait #196
[8772 #3]  167.0s evaluate scroll #197
[8772 #3]  167.1s wait #197
[8772 #3]  167.6s evaluate scroll #198
[8772 #3]  167.8s wait #198
[8772 #3]  168.3s evaluate scroll #199
[8772 #3]  168.5s wait #199
[8772 #3]  169.0s evaluate scroll #200
[8772 #3]  169.1s wait #200
[8772 #3]  169.6s goto https://github.com/explore
[8772 #3]  174.4s loaded
[8772 #3]  174.4s evaluate scroll #201
[8772 #3]  175.6s wait #201
[8772 #3]  176.1s evaluate scroll #202
[8772 #3]  176.4s wait #202
[8772 #3]  176.9s evaluate scroll #203
[8772 #3]  177.0s wait #203
[8772 #3]  177.5s evaluate scroll #204
[8772 #3]  177.7s wait #204
[8772 #3]  178.2s evaluate scroll #205
[8772 #3]  178.3s wait #205
[8772 #3]  178.8s evaluate scroll #206
[8772 #3]  179.0s wait #206
[8772 #3]  179.5s evaluate scroll #207
[8772 #3]  179.6s wait #207
[8772 #3]  180.1s evaluate scroll #208
[8772 #3]  180.3s wait #208
[8772 #3]  180.8s evaluate scroll #209
[8772 #3]  180.9s wait #209
[8772 #3]  181.4s evaluate scroll #210
[8772 #3]  181.5s wait #210
[8772 #3]  182.0s evaluate scroll #211
[8772 #3]  182.2s wait #211
[8772 #3]  182.7s evaluate scroll #212
[8772 #3]  182.8s wait #212
[8772 #3]  183.3s evaluate scroll #213
[8772 #3]  183.4s wait #213
[8772 #3]  184.0s evaluate scroll #214
[8772 #3]  184.1s wait #214
[8772 #3]  184.6s evaluate scroll #215
[8772 #3]  184.7s wait #215
[8772 #3]  185.2s evaluate scroll #216
[8772 #3]  185.4s wait #216
[8772 #3]  185.9s evaluate scroll #217
[8772 #3]  186.0s wait #217
[8772 #3]  186.5s evaluate scroll #218
[8772 #3]  186.6s wait #218
[8772 #3]  187.1s evaluate scroll #219
[8772 #3]  187.2s wait #219
[8772 #3]  187.7s evaluate scroll #220
[8772 #3]  187.9s wait #220
[8772 #3]  188.4s goto https://www.bbc.com/news
[8772 #3]  190.6s loaded
[8772 #3]  190.6s evaluate scroll #221
[8772 #3]  191.0s wait #221
[8772 #3]  191.5s evaluate scroll #222
[8772 #3]  191.8s wait #222
[8772 #3]  192.3s evaluate scroll #223
[8772 #3]  192.6144.7s evaluate scroll #175
[8774 #3]  144.8s wait #175
[8774 #3]  145.3s evaluate scroll #176
[8774 #3]  145.5s wait #176
[8774 #3]  146.0s evaluate scroll #177
[8774 #3]  146.1s wait #177
[8774 #3]  146.6s evaluate scroll #178
[8774 #3]  146.7s wait #178
[8774 #3]  147.2s evaluate scroll #179
[8774 #3]  147.3s wait #179
[8774 #3]  147.8s evaluate scroll #180
[8774 #3]  148.0s wait #180
[8774 #3]  148.5s goto https://zh.wikipedia.org/wiki/%E5%8F%B0%E5%8C%97101
[8774 #3]  149.9s loaded
[8774 #3]  149.9s evaluate scroll #181
[8774 #3]  150.5s wait #181
[8774 #3]  151.0s evaluate scroll #182
[8774 #3]  151.2s wait #182
[8774 #3]  151.7s evaluate scroll #183
[8774 #3]  151.8s wait #183
[8774 #3]  152.3s evaluate scroll #184
[8774 #3]  152.4s wait #184
[8774 #3]  152.9s evaluate scroll #185
[8774 #3]  153.1s wait #185
[8774 #3]  153.6s evaluate scroll #186
[8774 #3]  153.7s wait #186
[8774 #3]  154.2s evaluate scroll #187
[8774 #3]  154.4s wait #187
[8774 #3]  154.9s evaluate scroll #188
[8774 #3]  155.3s wait #188
[8774 #3]  155.8s evaluate scroll #189
[8774 #3]  155.9s wait #189
[8774 #3]  156.4s evaluate scroll #190
[8774 #3]  156.6s wait #190
[8774 #3]  157.1s evaluate scroll #191
[8774 #3]  157.2s wait #191
[8774 #3]  157.7s evaluate scroll #192
[8774 #3]  157.9s wait #192
[8774 #3]  158.4s evaluate scroll #193
[8774 #3]  158.6s wait #193
[8774 #3]  159.1s evaluate scroll #194
[8774 #3]  159.2s wait #194
[8774 #3]  159.7s evaluate scroll #195
[8774 #3]  159.9s wait #195
[8774 #3]  160.4s evaluate scroll #196
[8774 #3]  160.5s wait #196
[8774 #3]  161.0s evaluate scroll #197
[8774 #3]  161.2s wait #197
[8774 #3]  161.7s evaluate scroll #198
[8774 #3]  161.9s wait #198
[8774 #3]  162.4s evaluate scroll #199
[8774 #3]  162.5s wait #199
[8774 #3]  163.0s evaluate scroll #200
[8774 #3]  163.2s wait #200
[8774 #3]  163.7s goto https://github.com/explore
[8774 #3]  168.1s loaded
[8774 #3]  168.1s evaluate scroll #201
[8774 #3]  169.4s wait #201
[8774 #3]  169.9s evaluate scroll #202
[8774 #3]  170.1s wait #202
[8774 #3]  170.6s evaluate scroll #203
[8774 #3]  170.7s wait #203
[8774 #3]  171.2s evaluate scroll #204
[8774 #3]  171.4s wait #204
[8774 #3]  171.9s evaluate scroll #205
[8774 #3]  172.1s wait #205
[8774 #3]  172.6s evaluate scroll #206
[8774 #3]  172.8s wait #206
[8774 #3]  173.3s evaluate scroll #207
[8774 #3]  173.4s wait #207
[8774 #3]  173.9s evaluate scroll #208
[8774 #3]  174.1s wait #208
[8774 #3]  174.6s evaluate scroll #209
[8774 #3]  174.7s wait #209
[8774 #3]  175.2s evaluate scroll #210
[8774 #3]  175.4s wait #210
[8774 #3]  175.9s evaluate scroll #211
[8774 #3]  176.0s wait #211
[8774 #3]  176.5s evaluate scroll #212
[8774 #3]  176.6s wait #212
[8774 #3]  177.1s evaluate scroll #213
[8774 #3]  177.2s wait #213
[8774 #3]  177.7s evaluate scroll #214
[8774 #3]  177.8s wait #214
[8774 #3]  178.3s evaluate scroll #215
[8774 #3]  178.5s wait #215
[8774 #3]  179.0s evaluate scroll #216
[8774 #3]  179.1s wait #216
[8774 #3]  179.6s evaluate scroll #217
[8774 #3]  179.7s wait #217
[8774 #3]  180.2s evaluate scroll #218
[8774 #3]  180.3s wait #218
[8774 #3]  180.8s evaluate scroll #219
[8774 #3]  181.0s wait #219
[8774 #3]  181.5s evaluate scroll #220
[8774 #3]  181.6s wait #220
[8774 #3]  182.1s goto https://www.bbc.com/news
[8774 #3]  184.1s loaded
[8774 #3]  184.1s evaluate scroll #221
[8774 #3]  184.7s wait #221
[8774 #3]  185.2s evaluate scroll #222
[8774 #3]  185.3s wait #222
[8774 #3]  185.8s evaluate scroll #223
[8774 #3]  186.1s wait #223
[8774 #3]  186.6s evaluate scroll #224
[8774 #3]  186.9s wait #224
[8774 #3]  187.4s evaluate scroll #225
[8774 #3]  187.7s wait #225
[8774 #3]  188.2s evaluate scroll #226
[8774 #3]  188.4s wait #226
[8774 #3]  188.9s evaluate scroll #227
[8774 #3]  189.5s wait #227
[8774 #3]  190.0s evaluate scroll #228
[8774 #3]  190.2s wait #228
[8774 #3]  190.7s evaluate scroll #229
[8774 #3]  190.8s wait #229
[8774 #3]  191.3s evaluate scroll #230
[8774 #3]  191.5s wait #230
[8774 #3]  192.0s evaluate scroll #231
[8774 #3]  192.6s wait #231
[8774 #3]  193.1s evaluate scroll #232
[ scroll #166
[8771 #3]  145.4s wait #166
[8771 #3]  146.0s evaluate scroll #167
[8771 #3]  146.1s wait #167
[8771 #3]  146.6s evaluate scroll #168
[8771 #3]  146.7s wait #168
[8771 #3]  147.2s evaluate scroll #169
[8771 #3]  147.4s wait #169
[8771 #3]  147.9s evaluate scroll #170
[8771 #3]  148.0s wait #170
[8771 #3]  148.5s evaluate scroll #171
[8771 #3]  148.6s wait #171
[8771 #3]  149.1s evaluate scroll #172
[8771 #3]  149.3s wait #172
[8771 #3]  149.8s evaluate scroll #173
[8771 #3]  150.0s wait #173
[8771 #3]  150.5s evaluate scroll #174
[8771 #3]  150.6s wait #174
[8771 #3]  151.1s evaluate scroll #175
[8771 #3]  151.2s wait #175
[8771 #3]  151.7s evaluate scroll #176
[8771 #3]  151.8s wait #176
[8771 #3]  152.3s evaluate scroll #177
[8771 #3]  152.5s wait #177
[8771 #3]  153.0s evaluate scroll #178
[8771 #3]  153.1s wait #178
[8771 #3]  153.6s evaluate scroll #179
[8771 #3]  153.7s wait #179
[8771 #3]  154.2s evaluate scroll #180
[8771 #3]  154.3s wait #180
[8771 #3]  154.8s goto https://zh.wikipedia.org/wiki/%E5%8F%B0%E5%8C%97101
[8771 #3]  156.6s loaded
[8771 #3]  156.6s evaluate scroll #181
[8771 #3]  157.3s wait #181
[8771 #3]  157.8s evaluate scroll #182
[8771 #3]  157.9s wait #182
[8771 #3]  158.4s evaluate scroll #183
[8771 #3]  158.6s wait #183
[8771 #3]  159.2s evaluate scroll #184
[8771 #3]  159.3s wait #184
[8771 #3]  159.8s evaluate scroll #185
[8771 #3]  160.0s wait #185
[8771 #3]  160.5s evaluate scroll #186
[8771 #3]  160.6s wait #186
[8771 #3]  161.1s evaluate scroll #187
[8771 #3]  161.2s wait #187
[8771 #3]  161.7s evaluate scroll #188
[8771 #3]  161.9s wait #188
[8771 #3]  162.4s evaluate scroll #189
[8771 #3]  162.6s wait #189
[8771 #3]  163.1s evaluate scroll #190
[8771 #3]  163.2s wait #190
[8771 #3]  163.7s evaluate scroll #191
[8771 #3]  163.9s wait #191
[8771 #3]  164.4s evaluate scroll #192
[8771 #3]  164.6s wait #192
[8771 #3]  165.1s evaluate scroll #193
[8771 #3]  165.3s wait #193
[8771 #3]  165.8s evaluate scroll #194
[8771 #3]  166.0s wait #194
[8771 #3]  166.5s evaluate scroll #195
[8771 #3]  166.6s wait #195
[8771 #3]  167.1s evaluate scroll #196
[8771 #3]  167.3s wait #196
[8771 #3]  167.8s evaluate scroll #197
[8771 #3]  167.9s wait #197
[8771 #3]  168.4s evaluate scroll #198
[8771 #3]  168.7s wait #198
[8771 #3]  169.2s evaluate scroll #199
[8771 #3]  169.3s wait #199
[8771 #3]  169.8s evaluate scroll #200
[8771 #3]  169.9s wait #200
[8771 #3]  170.4s goto https://github.com/explore
[8771 #3]  175.7s loaded
[8771 #3]  175.7s evaluate scroll #201
[8771 #3]  177.1s wait #201
[8771 #3]  177.6s evaluate scroll #202
[8771 #3]  177.7s wait #202
[8771 #3]  178.2s evaluate scroll #203
[8771 #3]  178.3s wait #203
[8771 #3]  178.8s evaluate scroll #204
[8771 #3]  179.0s wait #204
[8771 #3]  179.5s evaluate scroll #205
[8771 #3]  179.6s wait #205
[8771 #3]  180.1s evaluate scroll #206
[8771 #3]  180.2s wait #206
[8771 #3]  180.7s evaluate scroll #207
[8771 #3]  180.9s wait #207
[8771 #3]  181.4s evaluate scroll #208
[8771 #3]  181.5s wait #208
[8771 #3]  182.0s evaluate scroll #209
[8771 #3]  182.1s wait #209
[8771 #3]  182.6s evaluate scroll #210
[8771 #3]  182.9s wait #210
[8771 #3]  183.4s evaluate scroll #211
[8771 #3]  183.5s wait #211
[8771 #3]  184.0s evaluate scroll #212
[8771 #3]  184.2s wait #212
[8771 #3]  184.7s evaluate scroll #213
[8771 #3]  184.9s wait #213
[8771 #3]  185.4s evaluate scroll #214
[8771 #3]  185.5s wait #214
[8771 #3]  186.0s evaluate scroll #215
[8771 #3]  186.1s wait #215
[8771 #3]  186.6s evaluate scroll #216
[8771 #3]  186.7s wait #216
[8771 #3]  187.2s evaluate scroll #217
[8771 #3]  187.4s wait #217
[8771 #3]  187.9s evaluate scroll #218
[8771 #3]  188.0s wait #218
[8771 #3]  188.5s evaluate scroll #219
[8771 #3]  188.7s wait #219
[8771 #3]  189.2s evaluate scroll #220
[8771 #3]  189.3s wait #220
[8771 #3]  189.8s goto https://www.bbc.com/news
[8771 #3]  192.0s loaded
[8771 #3]  192.0s evaluate scroll #221
[8771 #3]  192.7s wait #221
[8771 #3]  193.2s evaluate scroll #222
[8771 #3]  193.4s wait #222
[8771 #3]  193.9s evaluate scroll #223
[8771 #3]  194.3150.2s evaluate scroll #175
[8773 #3]  150.3s wait #175
[8773 #3]  150.8s evaluate scroll #176
[8773 #3]  151.0s wait #176
[8773 #3]  151.5s evaluate scroll #177
[8773 #3]  151.7s wait #177
[8773 #3]  152.2s evaluate scroll #178
[8773 #3]  152.3s wait #178
[8773 #3]  152.8s evaluate scroll #179
[8773 #3]  153.0s wait #179
[8773 #3]  153.5s evaluate scroll #180
[8773 #3]  153.7s wait #180
[8773 #3]  154.2s goto https://zh.wikipedia.org/wiki/%E5%8F%B0%E5%8C%97101
[8773 #3]  155.5s loaded
[8773 #3]  155.5s evaluate scroll #181
[8773 #3]  155.9s wait #181
[8773 #3]  156.4s evaluate scroll #182
[8773 #3]  156.6s wait #182
[8773 #3]  157.1s evaluate scroll #183
[8773 #3]  157.3s wait #183
[8773 #3]  157.8s evaluate scroll #184
[8773 #3]  158.0s wait #184
[8773 #3]  158.5s evaluate scroll #185
[8773 #3]  158.6s wait #185
[8773 #3]  159.1s evaluate scroll #186
[8773 #3]  159.3s wait #186
[8773 #3]  159.8s evaluate scroll #187
[8773 #3]  160.0s wait #187
[8773 #3]  160.5s evaluate scroll #188
[8773 #3]  160.6s wait #188
[8773 #3]  161.1s evaluate scroll #189
[8773 #3]  161.3s wait #189
[8773 #3]  161.8s evaluate scroll #190
[8773 #3]  162.0s wait #190
[8773 #3]  162.5s evaluate scroll #191
[8773 #3]  162.6s wait #191
[8773 #3]  163.2s evaluate scroll #192
[8773 #3]  163.3s wait #192
[8773 #3]  163.8s evaluate scroll #193
[8773 #3]  163.9s wait #193
[8773 #3]  164.4s evaluate scroll #194
[8773 #3]  164.6s wait #194
[8773 #3]  165.1s evaluate scroll #195
[8773 #3]  165.3s wait #195
[8773 #3]  165.8s evaluate scroll #196
[8773 #3]  165.9s wait #196
[8773 #3]  166.4s evaluate scroll #197
[8773 #3]  166.7s wait #197
[8773 #3]  167.2s evaluate scroll #198
[8773 #3]  167.3s wait #198
[8773 #3]  167.8s evaluate scroll #199
[8773 #3]  168.0s wait #199
[8773 #3]  168.5s evaluate scroll #200
[8773 #3]  168.6s wait #200
[8773 #3]  169.1s goto https://github.com/explore
[8773 #3]  174.0s loaded
[8773 #3]  174.0s evaluate scroll #201
[8773 #3]  175.0s wait #201
[8773 #3]  175.5s evaluate scroll #202
[8773 #3]  175.7s wait #202
[8773 #3]  176.2s evaluate scroll #203
[8773 #3]  176.3s wait #203
[8773 #3]  176.8s evaluate scroll #204
[8773 #3]  176.9s wait #204
[8773 #3]  177.4s evaluate scroll #205
[8773 #3]  177.6s wait #205
[8773 #3]  178.1s evaluate scroll #206
[8773 #3]  178.2s wait #206
[8773 #3]  178.7s evaluate scroll #207
[8773 #3]  178.8s wait #207
[8773 #3]  179.3s evaluate scroll #208
[8773 #3]  179.5s wait #208
[8773 #3]  180.0s evaluate scroll #209
[8773 #3]  180.1s wait #209
[8773 #3]  180.6s evaluate scroll #210
[8773 #3]  180.8s wait #210
[8773 #3]  181.3s evaluate scroll #211
[8773 #3]  181.4s wait #211
[8773 #3]  181.9s evaluate scroll #212
[8773 #3]  182.1s wait #212
[8773 #3]  182.6s evaluate scroll #213
[8773 #3]  182.7s wait #213
[8773 #3]  183.2s evaluate scroll #214
[8773 #3]  183.4s wait #214
[8773 #3]  183.9s evaluate scroll #215
[8773 #3]  184.1s wait #215
[8773 #3]  184.6s evaluate scroll #216
[8773 #3]  184.7s wait #216
[8773 #3]  185.2s evaluate scroll #217
[8773 #3]  185.4s wait #217
[8773 #3]  185.9s evaluate scroll #218
[8773 #3]  186.0s wait #218
[8773 #3]  186.5s evaluate scroll #219
[8773 #3]  186.7s wait #219
[8773 #3]  187.2s evaluate scroll #220
[8773 #3]  187.3s wait #220
[8773 #3]  187.8s goto https://www.bbc.com/news
[8773 #3]  189.8s loaded
[8773 #3]  189.8s evaluate scroll #221
[8773 #3]  190.5s wait #221
[8773 #3]  191.0s evaluate scroll #222
[8773 #3]  191.2s wait #222
[8773 #3]  191.7s evaluate scroll #223
[8773 #3]  192.0s wait #223
[8773 #3]  192.5s evaluate scroll #224
[8773 #3]  192.9s wait #224
[8773 #3]  193.4s evaluate scroll #225
[8773 #3]  193.7s wait #225
[8773 #3]  194.2s evaluate scroll #226
[8773 #3]  194.4s wait #226
[8773 #3]  194.9s evaluate scroll #227
[8773 #3]  195.1s wait #227
[8773 #3]  195.6s evaluate scroll #228
[8773 #3]  196.1s wait #228
[8773 #3]  196.6s evaluate scroll #229
[8773 #3]  196.9s wait #229
[8773 #3]  197.4s evaluate scroll #230
[8773 #3]  197.6s wait #230
[8773 #3]  198.1s evaluate scroll #231
[8773 #3]  198.5s wait #231
[8773 #3]  199.0s evaluate scroll #232
[s wait #223
[8772 #3]  193.1s evaluate scroll #224
[8772 #3]  193.4s wait #224
[8772 #3]  193.9s evaluate scroll #225
[8772 #3]  194.4s wait #225
[8772 #3]  194.9s evaluate scroll #226
[8772 #3]  195.2s wait #226
[8772 #3]  195.7s evaluate scroll #227
[8772 #3]  195.9s wait #227
[8772 #3]  196.4s evaluate scroll #228
[8772 #3]  196.9s wait #228
[8772 #3]  197.4s evaluate scroll #229
[8772 #3]  197.7s wait #229
[8772 #3]  198.2s evaluate scroll #230
[8772 #3]  198.4s wait #230
[8772 #3]  198.9s evaluate scroll #231
[8772 #3]  199.8s wait #231
[8772 #3]  200.3s evaluate scroll #232
[8772 #3]  200.5s wait #232
[8772 #3]  201.0s evaluate scroll #233
[8772 #3]  201.1s wait #233
[8772 #3]  201.6s evaluate scroll #234
[8772 #3]  201.8s wait #234
[8772 #3]  202.3s evaluate scroll #235
[8772 #3]  202.6s wait #235
[8772 #3]  203.1s evaluate scroll #236
[8772 #3]  203.2s wait #236
[8772 #3]  203.7s evaluate scroll #237
[8772 #3]  203.9s wait #237
[8772 #3]  204.4s evaluate scroll #238
[8772 #3]  204.5s wait #238
[8772 #3]  205.0s evaluate scroll #239
[8772 #3]  205.2s wait #239
[8772 #3]  205.7s evaluate scroll #240
[8772 #3]  205.8s wait #240
[8772 #3]  206.3s goto https://zh.wikipedia.org/
[8772 #3]  208.3s loaded
[8772 #3]  208.3s evaluate scroll #241
[8772 #3]  208.9s wait #241
[8772 #3]  209.4s evaluate scroll #242
[8772 #3]  209.5s wait #242
[8772 #3]  210.0s evaluate scroll #243
[8772 #3]  210.1s wait #243
[8772 #3]  210.6s evaluate scroll #244
[8772 #3]  210.7s wait #244
[8772 #3]  211.2s evaluate scroll #245
[8772 #3]  211.4s wait #245
[8772 #3]  211.9s evaluate scroll #246
[8772 #3]  212.0s wait #246
[8772 #3]  212.5s evaluate scroll #247
[8772 #3]  212.6s wait #247
[8772 #3]  213.1s evaluate scroll #248
[8772 #3]  213.2s wait #248
[8772 #3]  213.7s evaluate scroll #249
[8772 #3]  213.8s wait #249
[8772 #3]  214.3s evaluate scroll #250
[8772 #3]  214.5s wait #250
[8772 #3]  215.0s evaluate scroll #251
[8772 #3]  215.1s wait #251
[8772 #3]  215.6s evaluate scroll #252
[8772 #3]  215.8s wait #252
[8772 #3]  216.3s evaluate scroll #253
[8772 #3]  216.4s wait #253
[8772 #3]  216.9s evaluate scroll #254
[8772 #3]  217.0s wait #254
[8772 #3]  217.5s evaluate scroll #255
[8772 #3]  217.6s wait #255
[8772 #3]  218.1s evaluate scroll #256
[8772 #3]  218.3s wait #256
[8772 #3]  218.8s evaluate scroll #257
[8772 #3]  218.9s wait #257
[8772 #3]  219.4s evaluate scroll #258
[8772 #3]  219.5s wait #258
[8772 #3]  220.0s evaluate scroll #259
[8772 #3]  220.2s wait #259
[8772 #3]  220.7s evaluate scroll #260
[8772 #3]  220.8s wait #260
[8772 #3]  221.3s goto https://zh.wikipedia.org/wiki/%E5%8F%B0%E5%8C%97101
[8772 #3]  222.7s loaded
[8772 #3]  222.7s evaluate scroll #261
[8772 #3]  223.3s wait #261
[8772 #3]  223.8s evaluate scroll #262
[8772 #3]  223.9s wait #262
[8772 #3]  224.4s evaluate scroll #263
[8772 #3]  224.5s wait #263
[8772 #3]  225.0s evaluate scroll #264
[8772 #3]  225.2s wait #264
[8772 #3]  225.7s evaluate scroll #265
[8772 #3]  225.8s wait #265
[8772 #3]  226.3s evaluate scroll #266
[8772 #3]  226.5s wait #266
[8772 #3]  227.0s evaluate scroll #267
[8772 #3]  227.1s wait #267
[8772 #3]  227.6s evaluate scroll #268
[8772 #3]  227.7s wait #268
[8772 #3]  228.2s evaluate scroll #269
[8772 #3]  228.4s wait #269
[8772 #3]  228.9s evaluate scroll #270
[8772 #3]  229.0s wait #270
[8772 #3]  229.5s evaluate scroll #271
[8772 #3]  229.6s wait #271
[8772 #3]  230.1s evaluate scroll #272
[8772 #3]  230.3s wait #272
[8772 #3]  230.8s evaluate scroll #273
[8772 #3]  231.0s wait #273
[8772 #3]  231.5s evaluate scroll #274
[8772 #3]  231.6s wait #274
[8772 #3]  232.1s evaluate scroll #275
[8772 #3]  232.2s wait #275
[8772 #3]  232.8s evaluate scroll #276
[8772 #3]  232.9s wait #276
[8772 #3]  233.4s evaluate scroll #277
[8772 #3]  233.6s wait #277
[8772 #3]  234.1s evaluate scroll #278
[8772 #3]  234.2s wait #278
[8772 #3]  234.7s evaluate scroll #279
[8772 #3]  234.9s wait #279
[8772 #3]  235.4s evaluate scroll #280
[8772 #3]  235.6s wait #280
[8772 #3]  236.1s goto https://github.com/explore
[8772 #3]  240.8s loaded
[8772 #3]  240.88774 #3]  193.2s wait #232
[8774 #3]  193.7s evaluate scroll #233
[8774 #3]  193.8s wait #233
[8774 #3]  194.3s evaluate scroll #234
[8774 #3]  194.5s wait #234
[8774 #3]  195.0s evaluate scroll #235
[8774 #3]  195.3s wait #235
[8774 #3]  195.8s evaluate scroll #236
[8774 #3]  195.9s wait #236
[8774 #3]  196.4s evaluate scroll #237
[8774 #3]  196.6s wait #237
[8774 #3]  197.1s evaluate scroll #238
[8774 #3]  197.3s wait #238
[8774 #3]  197.8s evaluate scroll #239
[8774 #3]  197.9s wait #239
[8774 #3]  198.4s evaluate scroll #240
[8774 #3]  198.5s wait #240
[8774 #3]  199.0s goto https://zh.wikipedia.org/
[8774 #3]  201.0s loaded
[8774 #3]  201.0s evaluate scroll #241
[8774 #3]  201.5s wait #241
[8774 #3]  202.0s evaluate scroll #242
[8774 #3]  202.1s wait #242
[8774 #3]  202.6s evaluate scroll #243
[8774 #3]  202.8s wait #243
[8774 #3]  203.3s evaluate scroll #244
[8774 #3]  203.5s wait #244
[8774 #3]  204.0s evaluate scroll #245
[8774 #3]  204.2s wait #245
[8774 #3]  204.7s evaluate scroll #246
[8774 #3]  204.8s wait #246
[8774 #3]  205.3s evaluate scroll #247
[8774 #3]  205.4s wait #247
[8774 #3]  205.9s evaluate scroll #248
[8774 #3]  206.0s wait #248
[8774 #3]  206.5s evaluate scroll #249
[8774 #3]  206.7s wait #249
[8774 #3]  207.2s evaluate scroll #250
[8774 #3]  207.3s wait #250
[8774 #3]  207.8s evaluate scroll #251
[8774 #3]  208.0s wait #251
[8774 #3]  208.5s evaluate scroll #252
[8774 #3]  208.6s wait #252
[8774 #3]  209.1s evaluate scroll #253
[8774 #3]  209.2s wait #253
[8774 #3]  209.7s evaluate scroll #254
[8774 #3]  209.9s wait #254
[8774 #3]  210.4s evaluate scroll #255
[8774 #3]  210.5s wait #255
[8774 #3]  211.0s evaluate scroll #256
[8774 #3]  211.2s wait #256
[8774 #3]  211.7s evaluate scroll #257
[8774 #3]  211.8s wait #257
[8774 #3]  212.3s evaluate scroll #258
[8774 #3]  212.4s wait #258
[8774 #3]  212.9s evaluate scroll #259
[8774 #3]  213.1s wait #259
[8774 #3]  213.6s evaluate scroll #260
[8774 #3]  213.7s wait #260
[8774 #3]  214.2s goto https://zh.wikipedia.org/wiki/%E5%8F%B0%E5%8C%97101
[8774 #3]  215.6s loaded
[8774 #3]  215.6s evaluate scroll #261
[8774 #3]  216.3s wait #261
[8774 #3]  216.8s evaluate scroll #262
[8774 #3]  217.0s wait #262
[8774 #3]  217.5s evaluate scroll #263
[8774 #3]  217.6s wait #263
[8774 #3]  218.1s evaluate scroll #264
[8774 #3]  218.3s wait #264
[8774 #3]  218.8s evaluate scroll #265
[8774 #3]  218.9s wait #265
[8774 #3]  219.4s evaluate scroll #266
[8774 #3]  219.6s wait #266
[8774 #3]  220.1s evaluate scroll #267
[8774 #3]  220.3s wait #267
[8774 #3]  220.8s evaluate scroll #268
[8774 #3]  221.0s wait #268
[8774 #3]  221.5s evaluate scroll #269
[8774 #3]  221.6s wait #269
[8774 #3]  222.1s evaluate scroll #270
[8774 #3]  222.3s wait #270
[8774 #3]  222.8s evaluate scroll #271
[8774 #3]  223.0s wait #271
[8774 #3]  223.5s evaluate scroll #272
[8774 #3]  223.6s wait #272
[8774 #3]  224.1s evaluate scroll #273
[8774 #3]  224.2s wait #273
[8774 #3]  224.7s evaluate scroll #274
[8774 #3]  224.9s wait #274
[8774 #3]  225.4s evaluate scroll #275
[8774 #3]  225.6s wait #275
[8774 #3]  226.1s evaluate scroll #276
[8774 #3]  226.2s wait #276
[8774 #3]  226.7s evaluate scroll #277
[8774 #3]  226.8s wait #277
[8774 #3]  227.3s evaluate scroll #278
[8774 #3]  227.4s wait #278
[8774 #3]  227.9s evaluate scroll #279
[8774 #3]  228.1s wait #279
[8774 #3]  228.6s evaluate scroll #280
[8774 #3]  228.7s wait #280
[8774 #3]  229.2s goto https://github.com/explore
[8774 #3]  234.1s loaded
[8774 #3]  234.1s evaluate scroll #281
[8774 #3]  235.1s wait #281
[8774 #3]  235.6s evaluate scroll #282
[8774 #3]  235.7s wait #282
[8774 #3]  236.2s evaluate scroll #283
[8774 #3]  236.4s wait #283
[8774 #3]  236.9s evaluate scroll #284
[8774 #3]  237.3s wait #284
[8774 #3]  237.8s evaluate scroll #285
[8774 #3]  238.0s wait #285
[8774 #3]  238.5s evaluate scroll #286
[8774 #3]  238.6s wait #286
[8774 #3]  239.1s evaluate scroll #287
[8774 #3]  239.2s wait #287
[8774 #3]  239.7s evaluate scroll #288
[8774 #3]  239.8s wait #288
[8774 #3]  240.3s evaluate scroll #289
[8774 #3]  240.5s wait #289
[s wait #223
[8771 #3]  194.8s evaluate scroll #224
[8771 #3]  195.0s wait #224
[8771 #3]  195.5s evaluate scroll #225
[8771 #3]  195.9s wait #225
[8771 #3]  196.4s evaluate scroll #226
[8771 #3]  196.7s wait #226
[8771 #3]  197.2s evaluate scroll #227
[8771 #3]  197.5s wait #227
[8771 #3]  198.0s evaluate scroll #228
[8771 #3]  198.4s wait #228
[8771 #3]  198.9s evaluate scroll #229
[8771 #3]  199.2s wait #229
[8771 #3]  199.7s evaluate scroll #230
[8771 #3]  199.9s wait #230
[8771 #3]  200.4s evaluate scroll #231
[8771 #3]  200.6s wait #231
[8771 #3]  201.1s evaluate scroll #232
[8771 #3]  202.0s wait #232
[8771 #3]  202.5s evaluate scroll #233
[8771 #3]  203.2s wait #233
[8771 #3]  203.7s evaluate scroll #234
[8771 #3]  204.0s wait #234
[8771 #3]  204.5s evaluate scroll #235
[8771 #3]  204.9s wait #235
[8771 #3]  205.4s evaluate scroll #236
[8771 #3]  205.6s wait #236
[8771 #3]  206.1s evaluate scroll #237
[8771 #3]  206.4s wait #237
[8771 #3]  206.9s evaluate scroll #238
[8771 #3]  207.0s wait #238
[8771 #3]  207.5s evaluate scroll #239
[8771 #3]  207.6s wait #239
[8771 #3]  208.1s evaluate scroll #240
[8771 #3]  208.3s wait #240
[8771 #3]  208.8s goto https://zh.wikipedia.org/
[8771 #3]  210.8s loaded
[8771 #3]  210.8s evaluate scroll #241
[8771 #3]  211.3s wait #241
[8771 #3]  211.8s evaluate scroll #242
[8771 #3]  211.9s wait #242
[8771 #3]  212.4s evaluate scroll #243
[8771 #3]  212.6s wait #243
[8771 #3]  213.1s evaluate scroll #244
[8771 #3]  213.2s wait #244
[8771 #3]  213.7s evaluate scroll #245
[8771 #3]  213.8s wait #245
[8771 #3]  214.3s evaluate scroll #246
[8771 #3]  214.4s wait #246
[8771 #3]  214.9s evaluate scroll #247
[8771 #3]  215.1s wait #247
[8771 #3]  215.6s evaluate scroll #248
[8771 #3]  215.7s wait #248
[8771 #3]  216.2s evaluate scroll #249
[8771 #3]  216.5s wait #249
[8771 #3]  217.0s evaluate scroll #250
[8771 #3]  217.1s wait #250
[8771 #3]  217.6s evaluate scroll #251
[8771 #3]  217.7s wait #251
[8771 #3]  218.3s evaluate scroll #252
[8771 #3]  218.4s wait #252
[8771 #3]  218.9s evaluate scroll #253
[8771 #3]  219.1s wait #253
[8771 #3]  219.6s evaluate scroll #254
[8771 #3]  219.7s wait #254
[8771 #3]  220.2s evaluate scroll #255
[8771 #3]  220.3s wait #255
[8771 #3]  220.8s evaluate scroll #256
[8771 #3]  220.9s wait #256
[8771 #3]  221.4s evaluate scroll #257
[8771 #3]  221.6s wait #257
[8771 #3]  222.1s evaluate scroll #258
[8771 #3]  222.2s wait #258
[8771 #3]  222.7s evaluate scroll #259
[8771 #3]  222.8s wait #259
[8771 #3]  223.3s evaluate scroll #260
[8771 #3]  223.4s wait #260
[8771 #3]  223.9s goto https://zh.wikipedia.org/wiki/%E5%8F%B0%E5%8C%97101
[8771 #3]  225.4s loaded
[8771 #3]  225.4s evaluate scroll #261
[8771 #3]  225.9s wait #261
[8771 #3]  226.4s evaluate scroll #262
[8771 #3]  226.6s wait #262
[8771 #3]  227.1s evaluate scroll #263
[8771 #3]  227.2s wait #263
[8771 #3]  227.7s evaluate scroll #264
[8771 #3]  227.9s wait #264
[8771 #3]  228.4s evaluate scroll #265
[8771 #3]  228.5s wait #265
[8771 #3]  229.0s evaluate scroll #266
[8771 #3]  229.1s wait #266
[8771 #3]  229.6s evaluate scroll #267
[8771 #3]  229.7s wait #267
[8771 #3]  230.2s evaluate scroll #268
[8771 #3]  230.4s wait #268
[8771 #3]  230.9s evaluate scroll #269
[8771 #3]  231.0s wait #269
[8771 #3]  231.5s evaluate scroll #270
[8771 #3]  231.6s wait #270
[8771 #3]  232.1s evaluate scroll #271
[8771 #3]  232.3s wait #271
[8771 #3]  232.8s evaluate scroll #272
[8771 #3]  232.9s wait #272
[8771 #3]  233.4s evaluate scroll #273
[8771 #3]  233.5s wait #273
[8771 #3]  234.0s evaluate scroll #274
[8771 #3]  234.2s wait #274
[8771 #3]  234.7s evaluate scroll #275
[8771 #3]  234.8s wait #275
[8771 #3]  235.3s evaluate scroll #276
[8771 #3]  235.5s wait #276
[8771 #3]  236.0s evaluate scroll #277
[8771 #3]  236.1s wait #277
[8771 #3]  236.6s evaluate scroll #278
[8771 #3]  236.7s wait #278
[8771 #3]  237.2s evaluate scroll #279
[8771 #3]  237.4s wait #279
[8771 #3]  237.9s evaluate scroll #280
[8771 #3]  238.1s wait #280
[8771 #3]  238.6s goto https://github.com/explore
[8771 #3]  243.1s loaded
[8771 #3]  243.18773 #3]  199.2s wait #232
[8773 #3]  199.7s evaluate scroll #233
[8773 #3]  200.4s wait #233
[8773 #3]  200.9s evaluate scroll #234
[8773 #3]  201.3s wait #234
[8773 #3]  201.8s evaluate scroll #235
[8773 #3]  202.0s wait #235
[8773 #3]  202.5s evaluate scroll #236
[8773 #3]  202.9s wait #236
[8773 #3]  203.4s evaluate scroll #237
[8773 #3]  203.5s wait #237
[8773 #3]  204.0s evaluate scroll #238
[8773 #3]  204.2s wait #238
[8773 #3]  204.7s evaluate scroll #239
[8773 #3]  204.9s wait #239
[8773 #3]  205.4s evaluate scroll #240
[8773 #3]  205.5s wait #240
[8773 #3]  206.0s goto https://zh.wikipedia.org/
[8773 #3]  208.1s loaded
[8773 #3]  208.1s evaluate scroll #241
[8773 #3]  208.6s wait #241
[8773 #3]  209.1s evaluate scroll #242
[8773 #3]  209.2s wait #242
[8773 #3]  209.7s evaluate scroll #243
[8773 #3]  209.9s wait #243
[8773 #3]  210.4s evaluate scroll #244
[8773 #3]  210.5s wait #244
[8773 #3]  211.0s evaluate scroll #245
[8773 #3]  211.2s wait #245
[8773 #3]  211.7s evaluate scroll #246
[8773 #3]  211.9s wait #246
[8773 #3]  212.4s evaluate scroll #247
[8773 #3]  212.5s wait #247
[8773 #3]  213.0s evaluate scroll #248
[8773 #3]  213.1s wait #248
[8773 #3]  213.6s evaluate scroll #249
[8773 #3]  213.8s wait #249
[8773 #3]  214.3s evaluate scroll #250
[8773 #3]  214.5s wait #250
[8773 #3]  215.0s evaluate scroll #251
[8773 #3]  215.1s wait #251
[8773 #3]  215.6s evaluate scroll #252
[8773 #3]  215.7s wait #252
[8773 #3]  216.3s evaluate scroll #253
[8773 #3]  216.4s wait #253
[8773 #3]  216.9s evaluate scroll #254
[8773 #3]  217.2s wait #254
[8773 #3]  217.7s evaluate scroll #255
[8773 #3]  217.8s wait #255
[8773 #3]  218.3s evaluate scroll #256
[8773 #3]  218.4s wait #256
[8773 #3]  218.9s evaluate scroll #257
[8773 #3]  219.1s wait #257
[8773 #3]  219.6s evaluate scroll #258
[8773 #3]  219.7s wait #258
[8773 #3]  220.2s evaluate scroll #259
[8773 #3]  220.3s wait #259
[8773 #3]  220.8s evaluate scroll #260
[8773 #3]  221.0s wait #260
[8773 #3]  221.5s goto https://zh.wikipedia.org/wiki/%E5%8F%B0%E5%8C%97101
[8773 #3]  222.9s loaded
[8773 #3]  222.9s evaluate scroll #261
[8773 #3]  223.8s wait #261
[8773 #3]  224.3s evaluate scroll #262
[8773 #3]  224.4s wait #262
[8773 #3]  224.9s evaluate scroll #263
[8773 #3]  225.1s wait #263
[8773 #3]  225.6s evaluate scroll #264
[8773 #3]  225.8s wait #264
[8773 #3]  226.3s evaluate scroll #265
[8773 #3]  226.4s wait #265
[8773 #3]  226.9s evaluate scroll #266
[8773 #3]  227.1s wait #266
[8773 #3]  227.6s evaluate scroll #267
[8773 #3]  227.7s wait #267
[8773 #3]  228.2s evaluate scroll #268
[8773 #3]  228.3s wait #268
[8773 #3]  228.8s evaluate scroll #269
[8773 #3]  228.9s wait #269
[8773 #3]  229.4s evaluate scroll #270
[8773 #3]  229.7s wait #270
[8773 #3]  230.2s evaluate scroll #271
[8773 #3]  230.3s wait #271
[8773 #3]  230.8s evaluate scroll #272
[8773 #3]  231.0s wait #272
[8773 #3]  231.5s evaluate scroll #273
[8773 #3]  231.7s wait #273
[8773 #3]  232.2s evaluate scroll #274
[8773 #3]  232.3s wait #274
[8773 #3]  232.8s evaluate scroll #275
[8773 #3]  233.0s wait #275
[8773 #3]  233.5s evaluate scroll #276
[8773 #3]  233.6s wait #276
[8773 #3]  234.1s evaluate scroll #277
[8773 #3]  234.2s wait #277
[8773 #3]  234.7s evaluate scroll #278
[8773 #3]  234.9s wait #278
[8773 #3]  235.4s evaluate scroll #279
[8773 #3]  235.5s wait #279
[8773 #3]  236.0s evaluate scroll #280
[8773 #3]  236.2s wait #280
[8773 #3]  236.7s goto https://github.com/explore
[8773 #3]  241.4s loaded
[8773 #3]  241.4s evaluate scroll #281
[8773 #3]  242.4s wait #281
[8773 #3]  242.9s evaluate scroll #282
[8773 #3]  243.2s wait #282
[8773 #3]  243.7s evaluate scroll #283
[8773 #3]  243.8s wait #283
[8773 #3]  244.4s evaluate scroll #284
[8773 #3]  244.5s wait #284
[8773 #3]  245.0s evaluate scroll #285
[8773 #3]  245.1s wait #285
[8773 #3]  245.6s evaluate scroll #286
[8773 #3]  245.8s wait #286
[8773 #3]  246.3s evaluate scroll #287
[8773 #3]  246.4s wait #287
[8773 #3]  246.9s evaluate scroll #288
[8773 #3]  247.1s wait #288
[8773 #3]  247.6s evaluate scroll #289
[8773 #3]  247.7s wait #289
[8774 #3]  241.0s evaluate scroll #290
[8774 #3]  241.1s wait #290
[8774 #3]  241.6s evaluate scroll #291
[8774 #3]  241.7s wait #291
[8774 #3]  242.2s evaluate scroll #292
[8774 #3]  242.4s wait #292
[8774 #3]  242.9s evaluate scroll #293
[8774 #3]  243.1s wait #293
[8774 #3]  243.6s evaluate scroll #294
[8774 #3]  243.7s wait #294
[8774 #3]  244.2s evaluate scroll #295
[8774 #3]  244.3s wait #295
[8774 #3]  244.8s evaluate scroll #296
[8774 #3]  244.9s wait #296
[8774 #3]  245.4s evaluate scroll #297
[8774 #3]  245.6s wait #297
[8774 #3]  246.1s evaluate scroll #298
[8774 #3]  246.2s wait #298
[8774 #3]  246.7s evaluate scroll #299
[8774 #3]  246.8s wait #299
[8774 #3]  247.3s evaluate scroll #300
[8774 #3]  247.5s wait #300
[8774 #3]  248.0s goto https://www.bbc.com/news
[8774 #3]  250.1s loaded
[8774 #3]  250.1s evaluate scroll #301
[8774 #3]  250.7s wait #301
[8774 #3]  251.2s evaluate scroll #302
[8774 #3]  251.8s wait #302
[8774 #3]  252.3s evaluate scroll #303
[8774 #3]  252.5s wait #303
[8774 #3]  253.0s evaluate scroll #304
[8774 #3]  253.4s wait #304
[8774 #3]  253.9s evaluate scroll #305
[8774 #3]  254.1s wait #305
[8774 #3]  254.6s evaluate scroll #306
[8774 #3]  254.8s wait #306
[8774 #3]  255.3s evaluate scroll #307
[8774 #3]  255.8s wait #307
[8774 #3]  256.3s evaluate scroll #308
[8774 #3]  256.4s wait #308
[8774 #3]  256.9s evaluate scroll #309
[8774 #3]  257.3s wait #309
[8774 #3]  257.8s evaluate scroll #310
[8774 #3]  258.0s wait #310
[8774 #3]  258.6s evaluate scroll #311
[8774 #3]  259.2s wait #311
[8774 #3]  259.7s evaluate scroll #312
[8774 #3]  259.9s wait #312
[8774 #3]  260.4s evaluate scroll #313
[8774 #3]  260.5s wait #313
[8774 #3]  261.0s evaluate scroll #314
[8774 #3]  261.2s wait #314
[8774 #3]  261.7s evaluate scroll #315
[8774 #3]  261.8s wait #315
[8774 #3]  262.3s evaluate scroll #316
[8774 #3]  262.4s wait #316
[8774 #3]  262.9s evaluate scroll #317
[8774 #3]  263.1s wait #317
[8774 #3]  263.6s evaluate scroll #318
[8774 #3]  263.8s wait #318
[8774 #3]  264.3s evaluate scroll #319
[8774 #3]  264.5s wait #319
[8774 #3]  265.0s evaluate scroll #320
[8774 #3]  265.1s wait #320
[8774 #3]  265.6s goto https://zh.wikipedia.org/
[8774 #3]  267.6s loaded
[8774 #3]  267.6s evaluate scroll #321
[8774 #3]  268.0s wait #321
[8774 #3]  268.5s evaluate scroll #322
[8774 #3]  268.7s wait #322
[8774 #3]  269.2s evaluate scroll #323
[8774 #3]  269.3s wait #323
[8774 #3]  269.8s evaluate scroll #324
[8774 #3]  269.9s wait #324
[8774 #3]  270.4s evaluate scroll #325
[8774 #3]  270.6s wait #325
[8774 #3]  271.1s evaluate scroll #326
[8774 #3]  271.3s wait #326
[8774 #3]  271.8s evaluate scroll #327
[8774 #3]  271.9s wait #327
[8774 #3]  272.4s evaluate scroll #328
[8774 #3]  272.5s wait #328
[8774 #3]  273.0s evaluate scroll #329
[8774 #3]  273.1s wait #329
[8774 #3]  273.6s evaluate scroll #330
[8774 #3]  273.8s wait #330
[8774 #3]  274.3s evaluate scroll #331
[8774 #3]  274.4s wait #331
[8774 #3]  274.9s evaluate scroll #332
[8774 #3]  275.0s wait #332
[8774 #3]  275.5s evaluate scroll #333
[8774 #3]  275.6s wait #333
[8774 #3]  276.1s evaluate scroll #334
[8774 #3]  276.3s wait #334
[8774 #3]  276.8s evaluate scroll #335
[8774 #3]  276.9s wait #335
[8774 #3]  277.4s evaluate scroll #336
[8774 #3]  277.6s wait #336
[8774 #3]  278.1s evaluate scroll #337
[8774 #3]  278.2s wait #337
[8774 #3]  278.7s evaluate scroll #338
[8774 #3]  278.8s wait #338
[8774 #3]  279.4s evaluate scroll #339
[8774 #3]  279.5s wait #339
[8774 #3]  280.0s evaluate scroll #340
[8774 #3]  280.1s wait #340
[8774 #3]  280.6s goto https://zh.wikipedia.org/wiki/%E5%8F%B0%E5%8C%97101
[8774 #3]  281.9s loaded
[8774 #3]  281.9s evaluate scroll #341
[8774 #3]  282.7s wait #341
[8774 #3]  283.2s evaluate scroll #342
[8774 #3]  283.3s wait #342
[8774 #3]  283.8s evaluate scroll #343
[8774 #3]  283.9s wait #343
[8774 #3]  284.5s evaluate scroll #344
[8774 #3]  284.6s wait #344
[8774 #3]  285.1s evaluate scroll #345
[8774 #3]  285.2s wait #345
[8774 #3]  285.7s evaluate scroll #346
[8774 #3]  285.8s wait #346
[8774 #3]  286.3s evaluate scros evaluate scroll #281
[8772 #3]  242.0s wait #281
[8772 #3]  242.5s evaluate scroll #282
[8772 #3]  242.8s wait #282
[8772 #3]  243.3s evaluate scroll #283
[8772 #3]  243.4s wait #283
[8772 #3]  243.9s evaluate scroll #284
[8772 #3]  244.1s wait #284
[8772 #3]  244.6s evaluate scroll #285
[8772 #3]  244.7s wait #285
[8772 #3]  245.2s evaluate scroll #286
[8772 #3]  245.4s wait #286
[8772 #3]  245.9s evaluate scroll #287
[8772 #3]  246.1s wait #287
[8772 #3]  246.6s evaluate scroll #288
[8772 #3]  246.7s wait #288
[8772 #3]  247.2s evaluate scroll #289
[8772 #3]  247.4s wait #289
[8772 #3]  247.9s evaluate scroll #290
[8772 #3]  248.0s wait #290
[8772 #3]  248.5s evaluate scroll #291
[8772 #3]  248.7s wait #291
[8772 #3]  249.2s evaluate scroll #292
[8772 #3]  249.4s wait #292
[8772 #3]  249.9s evaluate scroll #293
[8772 #3]  250.0s wait #293
[8772 #3]  250.5s evaluate scroll #294
[8772 #3]  250.6s wait #294
[8772 #3]  251.1s evaluate scroll #295
[8772 #3]  251.3s wait #295
[8772 #3]  251.8s evaluate scroll #296
[8772 #3]  251.9s wait #296
[8772 #3]  252.4s evaluate scroll #297
[8772 #3]  252.6s wait #297
[8772 #3]  253.1s evaluate scroll #298
[8772 #3]  253.2s wait #298
[8772 #3]  253.7s evaluate scroll #299
[8772 #3]  253.8s wait #299
[8772 #3]  254.3s evaluate scroll #300
[8772 #3]  254.5s wait #300
[8772 #3]  255.0s goto https://www.bbc.com/news
[8772 #3]  257.1s loaded
[8772 #3]  257.1s evaluate scroll #301
[8772 #3]  257.9s wait #301
[8772 #3]  258.4s evaluate scroll #302
[8772 #3]  258.7s wait #302
[8772 #3]  259.2s evaluate scroll #303
[8772 #3]  259.4s wait #303
[8772 #3]  259.9s evaluate scroll #304
[8772 #3]  260.2s wait #304
[8772 #3]  260.7s evaluate scroll #305
[8772 #3]  261.0s wait #305
[8772 #3]  261.5s evaluate scroll #306
[8772 #3]  261.9s wait #306
[8772 #3]  262.4s evaluate scroll #307
[8772 #3]  263.1s wait #307
[8772 #3]  263.6s evaluate scroll #308
[8772 #3]  263.8s wait #308
[8772 #3]  264.3s evaluate scroll #309
[8772 #3]  264.4s wait #309
[8772 #3]  264.9s evaluate scroll #310
[8772 #3]  265.2s wait #310
[8772 #3]  265.7s evaluate scroll #311
[8772 #3]  266.6s wait #311
[8772 #3]  267.1s evaluate scroll #312
[8772 #3]  267.2s wait #312
[8772 #3]  267.7s evaluate scroll #313
[8772 #3]  267.9s wait #313
[8772 #3]  268.4s evaluate scroll #314
[8772 #3]  268.5s wait #314
[8772 #3]  269.0s evaluate scroll #315
[8772 #3]  269.3s wait #315
[8772 #3]  269.8s evaluate scroll #316
[8772 #3]  269.9s wait #316
[8772 #3]  270.4s evaluate scroll #317
[8772 #3]  270.5s wait #317
[8772 #3]  271.0s evaluate scroll #318
[8772 #3]  271.2s wait #318
[8772 #3]  271.7s evaluate scroll #319
[8772 #3]  271.8s wait #319
[8772 #3]  272.3s evaluate scroll #320
[8772 #3]  272.5s wait #320
[8772 #3]  273.0s goto https://zh.wikipedia.org/
[8772 #3]  274.9s loaded
[8772 #3]  274.9s evaluate scroll #321
[8772 #3]  275.4s wait #321
[8772 #3]  275.9s evaluate scroll #322
[8772 #3]  276.1s wait #322
[8772 #3]  276.6s evaluate scroll #323
[8772 #3]  276.7s wait #323
[8772 #3]  277.2s evaluate scroll #324
[8772 #3]  277.3s wait #324
[8772 #3]  277.8s evaluate scroll #325
[8772 #3]  277.9s wait #325
[8772 #3]  278.4s evaluate scroll #326
[8772 #3]  278.6s wait #326
[8772 #3]  279.1s evaluate scroll #327
[8772 #3]  279.2s wait #327
[8772 #3]  279.7s evaluate scroll #328
[8772 #3]  279.8s wait #328
[8772 #3]  280.3s evaluate scroll #329
[8772 #3]  280.4s wait #329
[8772 #3]  280.9s evaluate scroll #330
[8772 #3]  281.0s wait #330
[8772 #3]  281.5s evaluate scroll #331
[8772 #3]  281.7s wait #331
[8772 #3]  282.2s evaluate scroll #332
[8772 #3]  282.3s wait #332
[8772 #3]  282.8s evaluate scroll #333
[8772 #3]  283.0s wait #333
[8772 #3]  283.5s evaluate scroll #334
[8772 #3]  283.6s wait #334
[8772 #3]  284.1s evaluate scroll #335
[8772 #3]  284.2s wait #335
[8772 #3]  284.7s evaluate scroll #336
[8772 #3]  284.9s wait #336
[8772 #3]  285.4s evaluate scroll #337
[8772 #3]  285.5s wait #337
[8772 #3]  286.0s evaluate scroll #338
[8772 #3]  286.1s wait #338
[8772 #3]  286.6s evaluate scroll #339
[8772 #3]  286.7s wait #339
[8772 #3]  2s evaluate scroll #281
[8771 #3]  244.4s wait #281
[8771 #3]  244.9s evaluate scroll #282
[8771 #3]  245.2s wait #282
[8771 #3]  245.7s evaluate scroll #283
[8771 #3]  245.8s wait #283
[8771 #3]  246.3s evaluate scroll #284
[8771 #3]  246.5s wait #284
[8771 #3]  247.0s evaluate scroll #285
[8771 #3]  247.1s wait #285
[8771 #3]  247.6s evaluate scroll #286
[8771 #3]  247.9s wait #286
[8771 #3]  248.4s evaluate scroll #287
[8771 #3]  248.5s wait #287
[8771 #3]  249.0s evaluate scroll #288
[8771 #3]  249.1s wait #288
[8771 #3]  249.6s evaluate scroll #289
[8771 #3]  249.7s wait #289
[8771 #3]  250.2s evaluate scroll #290
[8771 #3]  250.4s wait #290
[8771 #3]  250.9s evaluate scroll #291
[8771 #3]  251.0s wait #291
[8771 #3]  251.5s evaluate scroll #292
[8771 #3]  251.6s wait #292
[8771 #3]  252.1s evaluate scroll #293
[8771 #3]  252.3s wait #293
[8771 #3]  252.8s evaluate scroll #294
[8771 #3]  252.9s wait #294
[8771 #3]  253.4s evaluate scroll #295
[8771 #3]  253.5s wait #295
[8771 #3]  254.0s evaluate scroll #296
[8771 #3]  254.2s wait #296
[8771 #3]  254.7s evaluate scroll #297
[8771 #3]  254.8s wait #297
[8771 #3]  255.3s evaluate scroll #298
[8771 #3]  255.5s wait #298
[8771 #3]  256.0s evaluate scroll #299
[8771 #3]  256.2s wait #299
[8771 #3]  256.7s evaluate scroll #300
[8771 #3]  256.8s wait #300
[8771 #3]  257.3s goto https://www.bbc.com/news
[8771 #3]  259.7s loaded
[8771 #3]  259.7s evaluate scroll #301
[8771 #3]  260.5s wait #301
[8771 #3]  261.0s evaluate scroll #302
[8771 #3]  261.5s wait #302
[8771 #3]  262.0s evaluate scroll #303
[8771 #3]  262.8s wait #303
[8771 #3]  263.3s evaluate scroll #304
[8771 #3]  263.9s wait #304
[8771 #3]  264.4s evaluate scroll #305
[8771 #3]  264.6s wait #305
[8771 #3]  265.1s evaluate scroll #306
[8771 #3]  265.5s wait #306
[8771 #3]  266.0s evaluate scroll #307
[8771 #3]  266.6s wait #307
[8771 #3]  267.1s evaluate scroll #308
[8771 #3]  267.3s wait #308
[8771 #3]  267.8s evaluate scroll #309
[8771 #3]  268.0s wait #309
[8771 #3]  268.5s evaluate scroll #310
[8771 #3]  268.8s wait #310
[8771 #3]  269.3s evaluate scroll #311
[8771 #3]  269.6s wait #311
[8771 #3]  270.1s evaluate scroll #312
[8771 #3]  270.2s wait #312
[8771 #3]  270.7s evaluate scroll #313
[8771 #3]  270.8s wait #313
[8771 #3]  271.3s evaluate scroll #314
[8771 #3]  271.5s wait #314
[8771 #3]  272.0s evaluate scroll #315
[8771 #3]  272.2s wait #315
[8771 #3]  272.7s evaluate scroll #316
[8771 #3]  272.9s wait #316
[8771 #3]  273.4s evaluate scroll #317
[8771 #3]  273.6s wait #317
[8771 #3]  274.1s evaluate scroll #318
[8771 #3]  274.2s wait #318
[8771 #3]  274.7s evaluate scroll #319
[8771 #3]  274.8s wait #319
[8771 #3]  275.3s evaluate scroll #320
[8771 #3]  275.4s wait #320
[8771 #3]  275.9s goto https://zh.wikipedia.org/
[8771 #3]  277.6s loaded
[8771 #3]  277.6s evaluate scroll #321
[8771 #3]  278.0s wait #321
[8771 #3]  278.5s evaluate scroll #322
[8771 #3]  278.7s wait #322
[8771 #3]  279.2s evaluate scroll #323
[8771 #3]  279.3s wait #323
[8771 #3]  279.8s evaluate scroll #324
[8771 #3]  280.0s wait #324
[8771 #3]  280.5s evaluate scroll #325
[8771 #3]  280.6s wait #325
[8771 #3]  281.1s evaluate scroll #326
[8771 #3]  281.2s wait #326
[8771 #3]  281.7s evaluate scroll #327
[8771 #3]  281.9s wait #327
[8771 #3]  282.4s evaluate scroll #328
[8771 #3]  282.5s wait #328
[8771 #3]  283.0s evaluate scroll #329
[8771 #3]  283.1s wait #329
[8771 #3]  283.6s evaluate scroll #330
[8771 #3]  283.8s wait #330
[8771 #3]  284.3s evaluate scroll #331
[8771 #3]  284.5s wait #331
[8771 #3]  285.0s evaluate scroll #332
[8771 #3]  285.1s wait #332
[8771 #3]  285.6s evaluate scroll #333
[8771 #3]  285.7s wait #333
[8771 #3]  286.2s evaluate scroll #334
[8771 #3]  286.4s wait #334
[8771 #3]  286.9s evaluate scroll #335
[8771 #3]  287.0s wait #335
[8771 #3]  287.5s evaluate scroll #336
[8771 #3]  287.7s wait #336
[8771 #3]  288.2s evaluate scroll #337
[8771 #3]  288.3s wait #337
[8771 #3]  288.8s evaluate scroll #338
[8771 #3]  289.0s wait #338
[8771 #3]  289.5s evaluate scroll #339
[8771 #3]  289.6s wait #339
[8771 #3]  28773 #3]  248.2s evaluate scroll #290
[8773 #3]  248.4s wait #290
[8773 #3]  248.9s evaluate scroll #291
[8773 #3]  249.1s wait #291
[8773 #3]  249.6s evaluate scroll #292
[8773 #3]  249.7s wait #292
[8773 #3]  250.2s evaluate scroll #293
[8773 #3]  250.4s wait #293
[8773 #3]  250.9s evaluate scroll #294
[8773 #3]  251.0s wait #294
[8773 #3]  251.5s evaluate scroll #295
[8773 #3]  251.7s wait #295
[8773 #3]  252.2s evaluate scroll #296
[8773 #3]  252.3s wait #296
[8773 #3]  252.8s evaluate scroll #297
[8773 #3]  252.9s wait #297
[8773 #3]  253.4s evaluate scroll #298
[8773 #3]  253.6s wait #298
[8773 #3]  254.1s evaluate scroll #299
[8773 #3]  254.2s wait #299
[8773 #3]  254.7s evaluate scroll #300
[8773 #3]  254.8s wait #300
[8773 #3]  255.3s goto https://www.bbc.com/news
[8773 #3]  257.3s loaded
[8773 #3]  257.3s evaluate scroll #301
[8773 #3]  257.9s wait #301
[8773 #3]  258.4s evaluate scroll #302
[8773 #3]  258.6s wait #302
[8773 #3]  259.1s evaluate scroll #303
[8773 #3]  259.4s wait #303
[8773 #3]  259.9s evaluate scroll #304
[8773 #3]  260.3s wait #304
[8773 #3]  260.8s evaluate scroll #305
[8773 #3]  261.0s wait #305
[8773 #3]  261.5s evaluate scroll #306
[8773 #3]  262.1s wait #306
[8773 #3]  262.6s evaluate scroll #307
[8773 #3]  262.8s wait #307
[8773 #3]  263.3s evaluate scroll #308
[8773 #3]  263.6s wait #308
[8773 #3]  264.1s evaluate scroll #309
[8773 #3]  264.5s wait #309
[8773 #3]  265.0s evaluate scroll #310
[8773 #3]  265.1s wait #310
[8773 #3]  265.6s evaluate scroll #311
[8773 #3]  265.7s wait #311
[8773 #3]  266.2s evaluate scroll #312
[8773 #3]  266.6s wait #312
[8773 #3]  267.1s evaluate scroll #313
[8773 #3]  267.2s wait #313
[8773 #3]  267.7s evaluate scroll #314
[8773 #3]  267.8s wait #314
[8773 #3]  268.3s evaluate scroll #315
[8773 #3]  268.7s wait #315
[8773 #3]  269.2s evaluate scroll #316
[8773 #3]  269.3s wait #316
[8773 #3]  269.8s evaluate scroll #317
[8773 #3]  269.9s wait #317
[8773 #3]  270.4s evaluate scroll #318
[8773 #3]  270.6s wait #318
[8773 #3]  271.1s evaluate scroll #319
[8773 #3]  271.3s wait #319
[8773 #3]  271.8s evaluate scroll #320
[8773 #3]  271.9s wait #320
[8773 #3]  272.4s goto https://zh.wikipedia.org/
[8773 #3]  274.4s loaded
[8773 #3]  274.4s evaluate scroll #321
[8773 #3]  274.8s wait #321
[8773 #3]  275.3s evaluate scroll #322
[8773 #3]  275.5s wait #322
[8773 #3]  276.0s evaluate scroll #323
[8773 #3]  276.1s wait #323
[8773 #3]  276.6s evaluate scroll #324
[8773 #3]  276.8s wait #324
[8773 #3]  277.3s evaluate scroll #325
[8773 #3]  277.4s wait #325
[8773 #3]  277.9s evaluate scroll #326
[8773 #3]  278.0s wait #326
[8773 #3]  278.5s evaluate scroll #327
[8773 #3]  278.7s wait #327
[8773 #3]  279.2s evaluate scroll #328
[8773 #3]  279.3s wait #328
[8773 #3]  279.8s evaluate scroll #329
[8773 #3]  280.0s wait #329
[8773 #3]  280.5s evaluate scroll #330
[8773 #3]  280.6s wait #330
[8773 #3]  281.1s evaluate scroll #331
[8773 #3]  281.2s wait #331
[8773 #3]  281.7s evaluate scroll #332
[8773 #3]  281.9s wait #332
[8773 #3]  282.4s evaluate scroll #333
[8773 #3]  282.5s wait #333
[8773 #3]  283.0s evaluate scroll #334
[8773 #3]  283.2s wait #334
[8773 #3]  283.7s evaluate scroll #335
[8773 #3]  283.8s wait #335
[8773 #3]  284.3s evaluate scroll #336
[8773 #3]  284.4s wait #336
[8773 #3]  284.9s evaluate scroll #337
[8773 #3]  285.1s wait #337
[8773 #3]  285.6s evaluate scroll #338
[8773 #3]  285.8s wait #338
[8773 #3]  286.3s evaluate scroll #339
[8773 #3]  286.4s wait #339
[8773 #3]  286.9s evaluate scroll #340
[8773 #3]  287.0s wait #340
[8773 #3]  287.5s goto https://zh.wikipedia.org/wiki/%E5%8F%B0%E5%8C%97101
[8773 #3]  288.8s loaded
[8773 #3]  288.8s evaluate scroll #341
[8773 #3]  289.2s wait #341
[8773 #3]  289.7s evaluate scroll #342
[8773 #3]  289.9s wait #342
[8773 #3]  290.4s evaluate scroll #343
[8773 #3]  290.5s wait #343
[8773 #3]  291.0s evaluate scroll #344
[8773 #3]  291.1s wait #344
[8773 #3]  291.6s evaluate scroll #345
[8773 #3]  291.8s wait #345
[8773 #3]  292.3s evaluate scroll #346
[8773 #3]  292.5s wait #346
[8773 #3]  293.0s evaluate scroll #347
[8773 #3]  293.1s wait #347
[8773 #3]  293.6s evaluate scroll #348
[8773 #3]  293.7s wait #348
[8773 #3]  294.3s evaluate scroll #349
[8773 #3]  294.4s wait #349
[8773 #3]  294.9s evaluate scroll #350
[8773 #3]  295.0s wait #350
[8773 #3]  295.5s evaluate scroll #351
[8773 #3]  295.6s wait #351
[8773 #3]  296.1s evaluate scroll #352
[8773 #3]  296.3s wait #352
[8773 #3]  296.8s evaluate scroll #353
[8773 #3]  296.9s wait #353
[8773 #3]  297.4s evaluate scroll #354
[8773 #3]  297.6s wait #354
[8773 #3]  298.1s evaluate scroll #355
[8773 #3]  298.2s wait #355
[8773 #3]  298.7s evaluate scroll #356
[8773 #3]  298.9s wait #356
[8773 #3]  299.4s evaluate scroll #357
[8773 #3]  299.5s wait #357
[8773 #3] RESULT OK 01M43N6ZTE5ZF1X641H507VB8F 
87.2s evaluate scroll #340
[8772 #3]  287.4s wait #340
[8772 #3]  287.9s goto https://zh.wikipedia.org/wiki/%E5%8F%B0%E5%8C%97101
[8772 #3]  289.5s loaded
[8772 #3]  289.5s evaluate scroll #341
[8772 #3]  290.1s wait #341
[8772 #3]  290.6s evaluate scroll #342
[8772 #3]  290.8s wait #342
[8772 #3]  291.3s evaluate scroll #343
[8772 #3]  291.4s wait #343
[8772 #3]  291.9s evaluate scroll #344
[8772 #3]  292.0s wait #344
[8772 #3]  292.5s evaluate scroll #345
[8772 #3]  292.6s wait #345
[8772 #3]  293.1s evaluate scroll #346
[8772 #3]  293.3s wait #346
[8772 #3]  293.8s evaluate scroll #347
[8772 #3]  293.9s wait #347
[8772 #3]  294.4s evaluate scroll #348
[8772 #3]  294.5s wait #348
[8772 #3]  295.0s evaluate scroll #349
[8772 #3]  295.2s wait #349
[8772 #3]  295.7s evaluate scroll #350
[8772 #3]  295.8s wait #350
[8772 #3]  296.3s evaluate scroll #351
[8772 #3]  296.5s wait #351
[8772 #3]  297.0s evaluate scroll #352
[8772 #3]  297.1s wait #352
[8772 #3]  297.6s evaluate scroll #353
[8772 #3]  297.8s wait #353
[8772 #3]  298.3s evaluate scroll #354
[8772 #3]  298.4s wait #354
[8772 #3]  298.9s evaluate scroll #355
[8772 #3]  299.0s wait #355
[8772 #3]  299.5s evaluate scroll #356
[8772 #3]  299.6s wait #356
[8772 #3] RESULT OK 01M43N6ZS3TCZAGR6ENVBXN1N1 
90.1s evaluate scroll #340
[8771 #3]  290.2s wait #340
[8771 #3]  290.7s goto https://zh.wikipedia.org/wiki/%E5%8F%B0%E5%8C%97101
[8771 #3]  292.1s loaded
[8771 #3]  292.1s evaluate scroll #341
[8771 #3]  292.9s wait #341
[8771 #3]  293.4s evaluate scroll #342
[8771 #3]  293.5s wait #342
[8771 #3]  294.0s evaluate scroll #343
[8771 #3]  294.1s wait #343
[8771 #3]  294.6s evaluate scroll #344
[8771 #3]  294.8s wait #344
[8771 #3]  295.3s evaluate scroll #345
[8771 #3]  295.4s wait #345
[8771 #3]  295.9s evaluate scroll #346
[8771 #3]  296.1s wait #346
[8771 #3]  296.6s evaluate scroll #347
[8771 #3]  296.7s wait #347
[8771 #3]  297.2s evaluate scroll #348
[8771 #3]  297.7s wait #348
[8771 #3]  298.2s evaluate scroll #349
[8771 #3]  298.3s wait #349
[8771 #3]  298.8s evaluate scroll #350
[8771 #3]  299.0s wait #350
[8771 #3]  299.5s evaluate scroll #351
[8771 #3]  299.6s wait #351
[8771 #3] RESULT OK 01M43N704MAWFR391B0ZK753AD 
ll #347
[8774 #3]  286.5s wait #347
[8774 #3]  287.0s evaluate scroll #348
[8774 #3]  287.4s wait #348
[8774 #3]  287.9s evaluate scroll #349
[8774 #3]  288.0s wait #349
[8774 #3]  288.5s evaluate scroll #350
[8774 #3]  288.7s wait #350
[8774 #3]  289.2s evaluate scroll #351
[8774 #3]  289.3s wait #351
[8774 #3]  289.8s evaluate scroll #352
[8774 #3]  289.9s wait #352
[8774 #3]  290.4s evaluate scroll #353
[8774 #3]  290.6s wait #353
[8774 #3]  291.1s evaluate scroll #354
[8774 #3]  291.2s wait #354
[8774 #3]  291.7s evaluate scroll #355
[8774 #3]  291.8s wait #355
[8774 #3]  292.3s evaluate scroll #356
[8774 #3]  292.4s wait #356
[8774 #3]  292.9s evaluate scroll #357
[8774 #3]  293.1s wait #357
[8774 #3]  293.6s evaluate scroll #358
[8774 #3]  293.7s wait #358
[8774 #3]  294.2s evaluate scroll #359
[8774 #3]  294.3s wait #359
[8774 #3]  294.8s evaluate scroll #360
[8774 #3]  295.0s wait #360
[8774 #3]  295.5s goto https://github.com/explore
[8774 #3]  299.9s loaded
[8774 #3]  299.9s evaluate scroll #361
[8774 #3]  300.9s wait #361
[8774 #3] RESULT OK 01M43N70CR7V3X0ZGDPWHAKWPC 
